listing_id,remarks,bedrooms,bathrooms,price,sqft,amenities
1181820035,"Beautifully remodeled condo with canyon views and access to open area with majestic trees. Remodeled kitchen with beautiful granite counters and newer appliances. Living and dining room with sliding doors with automated blinds that lead you to a large patio with views and access to open area. Indoor laundry, newer floors, light fixtures, and formal entry. The complex offers multiple swimming pools, 2 tennis courts, and child playground. Enjoy the multiple neighborhood parks and trails at Edgewood Park nearby. The vibrant downtown of San Carlos a short drive away! A must see, One of Brittan Heights finest units!!",,,,,laundry;patio;swimming pools
1190183963,"Welcome to 19656 San Miguel Ave, Castro Valley! Charming and inviting, this well-maintained 3-bedroom, 1-bath home with an eat-in kitchen offers 1,092 square feet of comfortable living space on a beautifully landscaped 6,642-square-foot lot.  The thoughtfully cared-for grounds with covered paver patio provide plenty of outdoor space to relax, entertain, and enjoy the California lifestyle. Standout features of the property include all new LVP flooring, an updated kitchen and bath, dual pane windows, and new exterior and interior paint. Also notable is the spacious 12' x 20' detached shed, complete with electricity, offering an ideal space for a workshop, hobbies, storage, or a variety of other uses. With its attractive landscaping, generous lot size, and versatile outbuilding, this property offers a wonderful combination of indoor comfort and outdoor living in desirable Castro Valley.  Don’t miss the opportunity to make this your new home!",3.0,1.0,,1092.0,patio
1178707083,"Welcome to 35 St. Mays, a beautifully upgraded carriage-style Ladera Ranch townhome offering 1,498 square feet, 2 bedrooms, 2 full bathrooms, plus a private patio-balcony and Newer HVAC! This thoughtfully designed home lives like a single story with all main living spaces conveniently located on the second floor and no neighbors above or below. The gourmet kitchen features upgraded quartz-style counters, upgraded cabinetry, a spacious center island, stainless steel appliances, under-cabinet lighting, a built-in desk, newer garbage disposal, updated drain plumbing beneath the kitchen sink, and is open to the Family Room/Great Room. The light filled great room boasts vaulted ceilings with sliding glass doors that open to a private patio balcony offering peek mountain views and a partial view of the spectacular Fourth of July fireworks at nearby Founders Park. A separate dining area and the built-in office niche provide flexible living spaces and the home features recessed lighting, ceiling fans, and laminate wood flooring throughout with no carpet. The spacious primary suite features a walk-in closet, dual sinks, and walk-in shower, while the secondary bedroom enjoys direct access to the patio through sliding glass doors which fill the room with natural light. An inside laundry closet is conveniently located on the main living level and the first floor features a welcoming entry with direct access to the attached carport and one-car garage plus a freshly painted stairwell and under-stair storage with new hard-surface flooring. Home upgrades include a newer HVAC system with overflow safety shutoff and upgraded Lennox Healthy Climate MERV 16 Filtration, newer water heater, Nest thermostat, whole-house water softener and filtration system, Cat-5 Ethernet wiring throughout, added exhaust fan in the primary bath, and washer, dryer, & refrigerator are included. Perfectly situated in one of Ladera Ranch's most vibrant neighborhoods, this home is surrounded by parks, pools, playgrounds, clubhouses, sports courts, walking trails, Halloween trick or treating galore, and a true sense of community where neighbors gather and children play. Enjoy an easy walk to award-winning schools and multiple parks and pools including: Poet’s Park, Cherry Plunge Park, Terramor Aquatic Park, Ladera Skate Park, Oso Grande Elementary, Ladera Middle, Avendale Clubhouse, Public Library, and Founders Park - home to the weekly Farmers Market and annual Fourth of July Festival and Fireworks.",2.0,2.0,,1498.0,pools;garage;laundry;balcony;patio;walk-in closet
1189497475,"Welcome to a truly special single level retreat tucked into the lush foothills of Rancho La Cima. Set toward the end of a private cul de sac on approximately .58 acres of beautifully usable, parklike grounds, this 4 bedroom 3 bath home offers a rare combination of privacy, space, character and indoor-outdoor living. Solar is paid for and roof about 6-7 years old. Pictures are from when the seller lived there. Step inside a welcoming interior filled with natural light and a thoughtful layout designed for everyday living and entertaining. The home offers comfortable living spaces, well appointed bedrooms and a functional floor plan with plenty of room to relax and make it your own. Enjoy the best of San Marcos living with convenient access to shopping, dining, parks, schools and freeways. You’ll find time to relax in the spa and enjoy the backyard. Fruit trees and privacy…added benefits. Beautiful brick driveway. Approximate room sizes family room 18.5x30. Kitchen 14x12.5.  Dining room 14x8.5. Living room 23.9x13.2. Primary bedroom 21.3 x15.5. Bedroom 2 11x10. Bedroom 3 14x11.5. Bedroom 4 13x11",4.0,3.0,,,
1177102948,"Exceptional Opportunity on a 13,486 Sq Ft Lot!

Situated on an expansive 13,486 sq ft lot, this privately gated property offers incredible potential for both homeowners and investors alike. The owner has architectural plans available upon request to develop two additional units, presenting a rare opportunity for expansion or future income potential.

The home features 3 bedrooms and 3 bathrooms, including one recently fully remodeled bathroom. Interior highlights include laminate flooring throughout, recessed lighting, central HVAC, a cozy fireplace with custom stone surround, and a mini bar—perfect for entertaining.

Additional amenities include a detached two-car garage, ample gated parking, and a covered outdoor seating area ideal for gatherings. The spacious backyard provides endless possibilities for entertaining, expansion, or adding an ADU for residual income.

Whether you’re seeking a large lot to enjoy as-is or exploring development potential, this unique property offers flexibility and upside in one exceptional package.",3.0,3.0,,,garage;fireplace
1158730524,"Don't miss this beautiful townhome located in one of the most convenient neighborhoods in Milpitas. This stunning home showcases thoughtful builder upgrades and modern finishes throughout, including laminate flooring, carpeted stairs, tiled baths and laundry, custom blinds, and double-pane windows.  The bright, contemporary kitchen features elegant countertops, a large island with a sink, stainless steel appliances, and a full tile backsplash, perfect for both everyday living and entertaining. The open floor plan creates a welcoming space for gatherings. Enjoy year-round comfort with central A/C and heating, along with energy-efficient features such as a tankless water heater.  Step outside to a private patio on the main level, and take advantage of the side-by-side 2-car garage. Ideally situated in a prime interior location with guest parking right in front.  Unbeatable location just minutes from Highways 880, 680, and 237, and close to BART and VTA stations. Walking distance to shopping, parks, and light rail, with easy access to Great Mall, Trader Joe's, and 99 Ranch Market.  Served by great schools (Buyers to verify). Low HOA dues add to the appeal, making this an excellent opportunity for both homeowners and investors.",,,,,garage;laundry;patio
1187621402,"Welcome to the beautiful city of Norwalk! Located in a desirable and well-maintained neighborhood, this property offers a wonderful opportunity for a buyer ready to bring their vision to life. The home features 3 bedrooms, 1 bathroom, central air conditioning, a detached garage, and a private swimming pool, making it a great space for entertaining and enjoying Southern California living.

The property does need some TLC, but it offers plenty of potential to customize and make it your own. An additional room and bathroom were added without permits and may provide an opportunity for future use or possible conversion. A portion of the detached garage has also been converted into additional living space without permits.

With its pool, spacious layout, detached garage, and added areas, this home is full of possibilities for the right buyer. Bring your ideas, and your creativity to transform this property into something truly special. A great opportunity to own a home in Norwalk and make it your own!",3.0,1.0,,,garage;swimming pool
1179212330,"A Coastal Retreat – Freestanding 4-Bedroom Townhome Moments from the Sea.
Just blocks from the golden shores of South Redondo, this freestanding townhome is more than a home—it’s a sanctuary by the sea. Thoughtfully designed with one of the most coveted floorplans, it offers three serene bedrooms on the lower level and a private primary suite that crowns the home above.
Step inside to rich cherry wood underfoot, soaring ceilings above, and sunlight dancing through every room. The heart of the home—a recently updated gourmet kitchen—invites connection and creativity, with a center island cooktop, Wolf and Bosch appliances, and effortless flow to the cozy dining nook.
The living room is both spacious and soulful, centered around a fireplace and opening to a breezy balcony where mornings begin and evenings unwind.
Upstairs, the expansive primary suite awaits—your own quiet retreat—with a second fireplace, spa-like bath, dual vanities, Jacuzzi tub, and separate shower. Downstairs, the large private backyard is framed by mature trees, offering a peaceful haven for play, reflection, or entertaining under the stars.
With central A/C, an epoxy-finished two-car garage, and just moments to beaches, boutiques, and the best of the South Bay—this is coastal living, reimagined.",4.0,,,,garage;fireplace;balcony
1159722066,"Welcome to 270 Riverview Drive! This spacious home sits on about 0.73 acres of meticulously landscaped grounds, offering a rare mix of charm, versatility, and exceptional outdoor living.

Inside, you will find 1,329 square feet of inviting space featuring rich wood accents, plenty of natural light, and a comfortable, open layout. Expansive windows display the lush greenery and sweeping sunset views over the valley, Sutter Buttes, and coastal range. The cozy fireplace makes the living area an ideal spot to relax, and the primary bedroom has direct access to the covered deck—perfect for enjoying your morning coffee or evening sunsets. Enjoy watching the winter storms roll in from the coast. Take in the stunning panoramic valley views! Downstairs, a bonus room with its own bathroom provides extra flexibility, easily serving as a home office, guest suite, or third bedroom.

With ample custom cabinets and abundant work surfaces, the kitchen is laid out efficiently and flows effortlessly into the primary living spaces, making it ideal for everyday ease or relaxed gatherings.  The bathroom is elegantly finished with spacious, accessible features and stylish tilework that complement the home’s overall design.

Step outside to enjoy beautifully maintained landscaping and multiple spaces designed for gatherings, including patios, pergolas, and shaded seating areas that create a peaceful, resort-like atmosphere. The private pool area is surrounded by mature plants, a covered cabana bar, and evening lighting—ideal for relaxing or entertaining. Winding garden paths and thoughtfully arranged outdoor spaces offer a sense of tranquility. Additional amenities include a large garage with a double door and separate oversized entry for RV or boat storage, plus ample driveway space for more parking. There’s also dedicated RV parking with full hookups. A built-in Generac generator ensures you’re never without power, while leased solar panels and battery storage promote energy efficiency and utility savings.

This property offers privacy, functionality, and distinctive style, with ample space for relaxation, entertaining, and outdoor enjoyment.",,,,1329.0,pool;garage;fireplace;garden
1179923587,"Seller is open to financing incentives with an appropriate offer. FHA, VA and conventional financing considered. Looking for a home you can move into and enjoy right away? This charming West Hills pool home is about as move-in ready as they come. Tucked toward the end of a peaceful cul-de-sac on a tree-lined street, this thoughtfully updated 3-bedroom, 2-bath home has been lovingly cared for, with a warmth that is immediately inviting.

So much of the work here has already been done. The spacious open-concept living and dining area features attractive wood-look ceramic tile flooring and a beautiful slate stone fireplace. A breakfast bar connects the remodeled kitchen to the main living space, making it easy for whoever is cooking to still be part of the conversation. The kitchen features granite countertops, stainless steel appliances and abundant storage. Dual-pane windows and an updated sliding glass door bring in wonderful natural light and connect the living area to the backyard. The layout even provides a naturally situated desk/computer area, ideal for working from home or homework. Central heat and air add year-round comfort.

Both bathrooms have been beautifully updated with stylish tile, fixtures and finishes, while the bedrooms feature warm parquet-style flooring. The home is currently configured with two traditional bedrooms plus a third bedroom being used as a spacious walk-in closet/dressing room. As part of their move, the sellers will be taking most of the dressing-room cabinetry with them, returning the space to a traditional third bedroom.

The nearly 8,000-square-foot lot provides a private backyard made for Southern California living, with a sparkling pool and attractive shaded patio for relaxing, dining and entertaining. An attached two-car garage plus a generously sized driveway provide plenty of off-street parking. For buyers interested in additional living space, the attached two-car garage may also be worth exploring for potential ADU conversion, subject to buyer investigation of feasibility, requirements and applicable approvals.

Perhaps best of all is the setting. The sellers have loved the quiet, peaceful feel of this West Hills neighborhood, while still being conveniently located near shopping, dining and everyday amenities, including Fallbrook Center, Westfield Topanga and The Village.

Move in, enjoy it now, and make it your own over time—because you want to, not because you have to. Private showings by appointment.",3.0,2.0,,,pool;garage;fireplace;patio;walk-in closet
1150305933,"Your private mountain sanctuary in the quaint Bailey Meadow community of Palomar Mountain awaits! With one bedroom, two baths and a versatile loft space, this thoughtfully renovated cabin offers a serene and inviting retreat, ready for your relaxation that is truly move-in ready.  Inside, living room is centered around a stunning stone fireplace upgraded with an ultra-efficient modern insert to keep you cozy with minimal effort. Spiral stairs lead to a spacious loft, perfect for sleeping, relaxing or extra storage, while a separate staircase brings you to the private primary suite with its own bath, walk in closet, extra storage and indoor laundry room. The original exposed rock foundation stands as a rare architectural feature, enhancing the historic charm of this updated 1920s home.  Step outside to discover your own outdoor paradise. An expansive view deck offers generous space for entertaining or relaxing among the oak trees. A screen porch off the kitchen provides a perfect spot to take in the fresh mountain air while enjoying your morning coffee. The property also features a detached garage, providing both storage and a functional workshop.  Extensive upgrades – including a new electrical panel, electrical and plumbing improvements, insulation, and windows – combine with the cabin’s inviting to deliver a truly rare turnkey opportunity. Ideal for a personal getaway or a desirable short-term rental, this property offers an easy gateway to the coveted Palomar Mountain lifestyle.",,,,,garage;fireplace;laundry
1185628763,"First time on the market! Welcome to 2011 W Crestwood Street, a spacious single-story home in the desirable Eastview neighborhood of Rancho Palos Verdes. Offering 4 bedrooms, 3 bathrooms, approximately 1,873 square feet of living space, and an expansive 8,198-square-foot lot, this well-loved home is ready for its next chapter. The comfortable, functional floor plan and generous indoor-outdoor spaces provide an exciting opportunity to update, reimagine, and create a home that reflects your own personal style. The spacious backyard offers wonderful possibilities for entertaining, gardens, a pool, future expansion, or the possibility of adding an Accessory Dwelling Unit (ADU), subject to buyer verification with the City of Rancho Palos Verdes.
Ideally located within the highly acclaimed Palos Verdes Peninsula Unified School District and just minutes from parks, shopping, dining, golf, hiking trails, beaches, and the stunning Palos Verdes coastline. Whether you envision preserving some of its original character or transforming it into your dream home, 2011 W Crestwood Street is a special opportunity to create something truly your own while enjoying the relaxed lifestyle and exceptional community Rancho Palos Verdes is known for. Bring your vision and imagine the possibilities.",4.0,3.0,,1873.0,pool
1179305262,"Welcome to the Good Life!  Enjoy the perfect blend of comfort, convenience, and resort-style living in this beautifully maintained two-story, 3BD/2BA condo nestled within the gated community of Bear Valley Springs. Thoughtfully updated and showcasing true pride of ownership, this inviting home offers updated windows and flooring, granite countertops, quality window coverings, a newer dishwasher, and numerous additional improvements.The dramatic great room welcomes you with abundant natural light, a cozy fireplace, natural gas central heating, central air conditioning, and an open, inviting atmosphere. The convenient main-level primary suite features a private bath and stackable washer/dryer, while upstairs you'll find two guest bedrooms, a full bath, and a walk-in closet, offering flexibility for family, guests, or a home office.Perfectly positioned along the perimeter of the complex, this desirable unit enjoys a fenced backyard for added privacy and outdoor enjoyment. An exceptional bonus is the whole-house generator wiring, allowing the home to be fully powered when connected to a generator.Life in Bear Valley Springs extends far beyond your front door. Residents enjoy a 9-hole golf course, Adult & Kiddie pools, two lakes for fishing, boating, and swimming, the Oak Tree Country Club, Mulligan Room cafe, fitness center, equestrian center, more than 55 miles of scenic riding and hiking trails, campgrounds, and a convenient town center with a market, gas station, and snack bar.Whether you're searching for a full-time residence or a peaceful mountain retreat, this exceptional condominium offers the lifestyle you've been dreaming of. Come discover why Bear Valley Springs is one of California's best-kept secrets.",3.0,2.0,,,pools;fireplace;walk-in closet
1177735379,"This is an international listing located in Costa Blanca, Spain. Set within one of Javea's most exclusive and private residential enclaves, Palisandro is a remarkable contemporary estate designed for those who seek exceptional scale, complete privacy, and breathtaking panoramic surroundings. Positioned on an expansive plot, the residence commands sweeping views across the Mediterranean coastline, the natural landscape, and the iconic Montgo Massif.Defined by sophisticated architecture and refined minimalism, the home is thoughtfully designed to create a seamless connection between indoor and outdoor living. The upper level serves as the social centerpiece of the residence, where expansive living and dining spaces are framed by floor-to-ceiling glass and bathed in natural light throughout the day. A stunning designer kitchen anchored by a sculptural marble island elevates the space with understated elegance and functionality.The primary suite has been conceived as a tranquil private retreat, complete with a luxurious en-suite bathroom, custom dressing area, and serene views over the surrounding landscape.The lower level has been carefully curated for comfort, discretion, and effortless hospitality, offering four additional en-suite bedrooms alongside a separate guest or staff apartment. A private cinema, fitness studio, integrated service areas, and private lift reinforce the atmosphere of a fully realized luxury residence rather than a traditional villa.Outside, Palisandro transforms into a true resort-inspired sanctuary. Expansive terraces, beautifully landscaped grounds, and a dramatic elongated swimming pool create an atmosphere of serenity and exclusivity, perfectly suited for refined Mediterranean living, large-scale entertaining, or quiet retreat.More than simply a contemporary villa, Palisandro offers a rare combination of land, privacy, architectural sophistication, and panoramic beauty  a level of residential completeness seldom found in Javea.",,,,,swimming pool
1159427471,"Here’s your chance to transform a classic 1950s block cabin into something truly your own. Many of the essentials are already in place, including a water meter, electrical panel, and partial plumbing—giving you a solid starting point for your vision.

Located in a quiet area of North Joshua Tree, this property sits in a neighborhood that’s steadily evolving, with newer homes and thoughtful rebuilds adding to its charm and potential. As a bonus, there’s even a Joshua Tree on the property, offering that iconic desert character.

Bring your imagination, your tools, and your creativity—the rest is up to you.",,,,,
1187162674,"Exceptional pride of ownership for this updated Saugus pool home! Perfectly located at the end of the cul-de-sac on an oversized lot, this home has been lovingly updated by the owners over the years. Saltwater Pebble Tech pool (2019), gorgeous wide plank ceramic flooring (2017), fresh paint (2026), carpet (2023) and so much more! The yard is spacious with large covered patio, glass firepit and putting green. Enjoy exceptional privacy with the property backing to protected open space, no homes behind and no properties ever overlooking the backyard. Gorgeous kitchen was modified to include extra cabinets with plenty of granite covered counters. Plenty big and with nice views of the yard and family room. Everywhere you look is some thoughtful update - from crown molding to shutters and built-ins. Upon entry the ceilings soar and with so many windows, you truly have an ""open"" floorplan. The primary bedroom is especially large with an oversized bath and huge walk-in closet. It's impressive! Large bedroom downstairs (currently a gym/with closet). 4 more bedrooms up. 2-car garage with cabinets. Great pool home, great location & no HOA fee!",,,,,pool;garage;patio;gym;walk-in closet
1183180172,"Welcome to your new home located in the wonderful neighborhood of the Canyon Ridge Estates area that features semi-custom built homes. It has spectacular views of the Foothills of Riverside, Saddleback and Santa Ana Mountains. Home is located on 1/3 of an acre at the very end of the cul-de-sac which allows for privacy, a serene and quiet setting, and a short walk to Lennar parks. Home has RV access plus a 3 car garage, and plenty of driveway space. It features a large backyard with plenty of room for pool or and ADU! Enjoy low energy bills as it is equipped with Solar. This home has a semi-rural location that allows for horses and chickens. Come see to appreciate it **SELLER IS OFFERING A GENEROUS CONCESSION CREDIT TO BUY DOWN YOUR INTEREST RATE, significantly lowering your monthly mortgage payment!**",,,,,pool;garage
1172998321,"This 3 Bedroom 2 Bath home nestled in a well kept 55+ community close to shops and restaurants. ceiling fans and painted with neutral colors and has open concept living room. The kitchen is bright with tiled countertops, plenty of cupboards storage and counter space. Breakfast nook, Dinning room with plenty of space. the 2 car garage leads right into kitchen area to make bringing in groceries easy. Perfect covered backyard patio off the living room. The primary bed room has a spacious walk in closet and a double sink vanity.",3.0,2.0,,,garage;patio
1178116035,"Welcome to one of Cedar Ridge Estates' most remarkable private estates. Located behind the gates on a beautifully forested 1.4-acre parcel, this elegant French Country residence offers an exceptional blend of luxury, comfort, and timeless craftsmanship. As you approach the home, you're greeted by a magnificent old-growth pine framing the impressive custom mahogany front door with leaded glass sidelights. Designed with privacy in mind, the home features three distinct living areas, creating an ideal layout for family living and entertaining. The luxurious main-level primary suite offers a cozy fireplace, spa-inspired bath, and an oversized walk-in closet. Every additional bedroom is a private suite, ensuring comfort for family and guests alike. Grand living spaces include a formal living room, elegant formal dining room, richly appointed library with vaulted ceilings and mahogany paneling, expansive country kitchen with breakfast nook, and an immense game room featuring dramatic beamed ceilings and a stunning granite fireplace. Additional amenities include a dedicated exercise room, brick-lined underground wine cellar, and four fireplaces throughout the home. Outdoor entertaining is effortless with a spacious rock party patio surrounded by mature trees and beautifully landscaped grounds with automatic sprinklers. The oversized 4-car garage easily accommodates multiple vehicles and boat storage, while additional RV parking on the side provides even more flexibility. Additional features include a whole-house generator, security system, Nest climate controls, and the home is offered furnished. Lovingly maintained by only two owners since it was custom built, this is a rare opportunity to own one of the mountain's finest luxury estates where privacy, elegance, and quality come together in an unforgettable setting.",,,,,garage;fireplace;patio;walk-in closet
1179869173,"Price reduction! Beautiful 2-bedroom home with top CUPERTINO schools in coveted Saratoga Place community. This top-floor unit is located in a quiet location within the complex, offering privacy and tranquility in a serene setting - best location in the community! DETAILS YOU'LL LOVE: Spacious and bright open floor plan with two high-ceiling bedrooms located on the second floor of the home. Modern kitchen with garden window, and elegantly updated bathrooms. Large balcony perfect for entertaining. AMPLE STORAGE: Plentiful storage throughout, including spacious closets in each bedroom and extra storage closet off balcony. Stackable washer and dryer. Enjoy the perks of the community, including a pool and HOA coverage for basic cable service, water and garbage. Within just 1 mile, you'll find 3 beautiful parks: Calabazas Park, Three Oaks Park, and Hoover Park. It's a short drive to supermarkets (0.5 miles to H Mart and 1.5 miles to Safeway), as well as shops and restaurants. Everything you need is close by! Ideal for tech professionals, this home sits about 4.2 miles from Apple Park, 9.6 miles from Nvidia, 10.2 miles from Meta Sunnyvale campus, 10.3 miles from Google, and 13.1 miles from Intel. Easy access to Route 85 and De Anza Blvd. Lynbrook High!",2.0,,,,pool;balcony;garden
1189629085,"This is a fantastic opportunity for first-time home buyers to own a two-bedroom, two-bathroom condo located on the second floor of a secure, gated community. This unit has a 3rd room bonus that has been converted to two additional bedrooms. This condo offers a spacious living and dining area with wood-look flooring and large sliding glass doors in the living room opens to a large patio, allowing plenty of natural light to fill the space. The patio provides an ideal spot for relaxation and overlooks the peaceful courtyard. The unit also includes an indoor washer and dryer nook, adding to the overall convenience and comfort of the home. This condo is situated in a location that is close to shopping centers, restaurants, and provides easy access to the freeway, making daily commutes and errands convenient. Don’t let this wonderful opportunity pass you by.",,,,,patio
1177991993,"Great chance to own two dwellings close to the Colorado River. Enjoy easy access to two river parks with boat ramp access.
Front dwelling: 3 bedrooms, 1 bath
Back dwelling: 1 bedrooms, 1 bath
Both homes are sold as-is and cash only. They do not qualify for financing due to age and lack of a foundation certificate (433). Each has its own electric meter and septic system. One shared well serves two parcels (833-091-014). Lots of room for parking desert/river toys. Preference is to sell them together.",3.0,1.0,,,
1158085842,"Welcome to this 5-bedroom, 3-bath home in a quiet SW neighborhood near Mountain Vista Drive and Campus Park Drive offering 2,135 sq ft of versatile living space. The layout features a formal living room and formal dining room, plus a kitchen that opens to a family room currently used as a dining area, creating a seamless and flexible setup. Upstairs includes a Jack and Jill bathroom connecting secondary bedrooms. The spacious primary bedroom provides a comfortable and functional retreat. Step outside to a backyard designed for both relaxation and entertaining, complete with a massive, covered patio, an outdoor kitchen, and an additional patio area featuring rock accents and a pond. With multiple indoor and outdoor living areas, this home delivers space, flexibility, and strong entertaining potential at a great price. The home is also situated in the very popular and highly rated Stockdale High School District.",5.0,3.0,,2135.0,patio
1190959219,"Calling all investors! A rare opportunity in the highly desirable Mount Streets to transform a property with tremendous potential into your own private oasis. This fixer offers a spacious yard and pool, providing the foundation for an incredible outdoor retreat. Imagine creating a lush garden, inviting entertaining spaces, and a poolside escape designed for quintessential San Diego living. Located directly across from Mt. Etna neighborhood park, John Muir Language Academy, and home to an excellent school district!  Additionally, just minutes from freeways, shopping, dining, and everyday conveniences.  Bring your imagination, vision, and contractor, and turn this property into something truly special.",,,,,pool;garden
1157733936,"Sensational glass house designed by AIA award winning architect Jim Schmidt. Perfectly sited on a promontory with staggering mountain and city views. Grand scale rooms designed for entertaining and walls perfect for an impressive art collection. Located down a semi-private road off Mulholland Drive, this gated home offers the ultimate in privacy and security. The 2-story foyer captures the essence of a Modern home with walls of glass, Italian porcelain tile flooring and a striking steel architectural staircase. Living room opens to a sparkling pool and spa with Ipe deck and views that offer the perfect vacation vibe. Open kitchen, den, and dining room that create the heart of the home. Movie theatre, office, and powder room complete the main level. Upstairs is a gorgeous primary suite with a large closet and spa-like bath that opens to an outdoor deck perfect for meditation. There are 2 additional bedroom suites, each with jetliner views. In addition, there is an attached guest quarters perfect for an in-home office or gym. 2-car garage. Enjoy the quintessential California lifestyle in the heart of Los Angeles!",,,,,pool;garage;gym
1181001990,"From the street, this Arlington Heights Craftsman looks like it's held a hundred years of stories, and it has. But behind that classic facade is a home the owner has taken all the way down to the studs and reimagined for the way we live today. Converted and permitted from a three-bedroom into a spacious four-bedroom, four and a half bath, it delivers something rare: the warmth and character of an original Craftsman paired with the layout, systems, and finishes of true new construction. Inside, high ceilings and an open, light-filled floor plan set the tone, while top-notch finishes and thoughtfully considered details carry through every room. There isn't a corner of this home that hasn't been reconsidered and elevated. A full garage and an unusually large lot gives you room that most homes in this pocket simply can't offer, and the 3-rd level attic space presents even more potential, ready to be finished and open for discussion with the right buyer. This home  is for someone who wants to live in one of Los Angeles' most stunning homes while being in a vibrant and centrally located neighborhood.",,,,,garage
1157874555,"Beautiful single-story home features approximately 1,548 sq. ft. of living space, on a Homesite of 9,304 sq. ft of open space!

Open Floor Plan with 3 Bedrooms, Bathrooms, Great Room, & Spacious Kitchen with Island. Granite kitchen counter-tops & Island. Bathrooms feature white cultured marble vanity tops with undermount sinks. White cabinets with Thermofoil raised-panel doors throughout. Solar lease with option to purchase. 

This home is designed to be ENERGY STAR certified, with WaterSence, and comes with 10-Year Limited Warranty. Located in a picturesque hillside setting. This community features walking trails, open space, park with open turf, tot lot, picnic amenities, & dog park, conveniently located near shopping, dining, healthcare, recreational areas, community college, and I-215, I-15 and Hwy. 74. Don't wait, you still have time to work with your designer to personalize this home. 

Photo is a rendering of the model! Buyer can purchase or lese the solar!",3.0,,,1548.0,
1190399962,"Tucked just steps from Abbot Kinney and the sands of Venice Beach, this brand-new residence brings a warm and earthy calm to one of the city's most vibrant pockets. Hand-applied Roman Clay plaster wraps every wall, giving the home a soft, lived-in texture that pairs beautifully with custom walnut cabinetry throughout. Upon entry, an inviting living and dining space unfolds with an easy, open flow, leading naturally into a kitchen finished in natural stone countertops. Out back, a private pool sits alongside a built-in BBQ, made for long summer evenings that drift from a swim straight into dinner under the open sky. The primary suite offers a cozy escape of its own, with a fireplace that sets the mood at the end of the day, an expansive walk-in closet and a spacious spa-like bathroom. Above it all, a rooftop deck delivers sweeping 360-degree views, from the Venice canals to the coastline and beyond. Whole-house Control4 automation puts lighting, climate, and entertainment at your fingertips. And with Venice's best dining, shopping and beach life right outside your door, the location simply can't be beat.",,,,,pool;fireplace;walk-in closet
1176317096,"The nation's first wildfire-resilient neighborhood. This ENERGY STAR-certified residence is a Wildfire Prepared Home. LOW INSURANCE COST!!! Small community of 64 homes total.  End of Cul de Sac location. Large single-story home on a 10,500 sq ft homesite. Large kitchen/ great room. Ready to move into. Experience modern living in this thoughtfully designed, single-story home, which showcases an open floor plan. The great room boasts a multi-slide door that provides access to the outdoors. A Flex Space is perfect for a study area or home office. The gourmet kitchen is equipped with a walk-in pantry, island, quartz countertops and Samsung® stainless steel appliances. The primary suite features a large walk-in closet, plush carpeting and connecting bath that offers cultured marble countertops, a tub and separate walk-in shower. Additional highlights of this all-electric home include a solar energy system, LED lighting, smart thermostat and electric charging station. Enjoy the outdoors with water-efficient landscaping.",,,,10500.0,walk-in closet
1178461060,"Welcome to this exceptional custom 4-bedroom, 2.5-bath home offering 2,050 square feet of thoughtfully designed living space in the desirable Butte Woods subdivision of Oroville. Built with quality craftsmanship and premium finishes throughout, this home perfectly blends comfort, style, and functionality.
From the moment you arrive, you'll appreciate the convenience of a keyless front entry, the efficiency of a ducted 4-zone mini-split heating and cooling system, and the added comfort of a whole house fan for energy-efficient ventilation.
Inside, custom knotty alder cabinetry enhances the kitchen, bathrooms, and laundry room, while stunning Brazilian quartzite countertops from Brazil create a truly one-of-a-kind kitchen that's as beautiful as it is functional.
The luxurious primary suite is designed as a private retreat, featuring an oversized soaking tub, a spacious walk-in shower with a dual shower head system and built-in Bluetooth speaker, a large walk-in closet, and sliding glass doors leading directly to the covered back patio.
Both full bathrooms showcase custom tile work, adding a timeless, high-end touch. The backyard offers added privacy as it backs to open space, creating a peaceful setting to relax or entertain under the covered patio.
With spacious living areas, abundant natural light, and meticulous attention to detail throughout, this move-in-ready home offers the perfect combination of luxury and everyday comfort. Located in the sought-after Butte Woods neighborhood, you'll enjoy convenient access to schools, shopping, and local amenities. This is a rare opportunity to own a truly custom home where quality craftsmanship and thoughtful upgrades shine in every detail.",4.0,2.5,,2050.0,laundry;patio;walk-in closet
1190169766,"Horizon at Solara is an inviting new neighborhood of 95 single-family homes where thoughtful design meets the natural beauty of Temescal Valley. Blending modern comfort with timeless style, these spacious homes offer up to 5 bedrooms, 2.5–4.5 baths, flex spaces, and optional California Rooms—perfect for indoor-outdoor living. Each home features open-concept layouts, two-car garages, and stylish interiors designed for today’s lifestyle. Set among rolling hills and open skies, this well-connected community offers peaceful surroundings with convenient access to I-15, shopping, dining, and recreation. At Horizon at Solara, every day feels like a step toward something brighter. This home has a large backyard with no neighbors behind it, allowing for a beautiful view.
 
**Photos shown are of the model home for this floor plan. Actual finishes, features, and landscaping may vary.
**Special, limited-time financing available with seller's affiliate lender. See Trumark Homes website for more details.",5.0,4.5,,,
1179246557,"Location, Location, Location. This flat occupies the entire third floor. Highly upgraded single level condo in Silicon Beach's premiere community of Playa Vista. Prime corner location facing south. 3 BRs,2 1/2 BAs, and a library. Two large terraces with floor to ceiling accordion doors that open completely for indoor/outdoor living and overlook the world famous Spruce Goose Hangar (home of Google). View of ""The Spot"" greenbelt, water fountain and The Bluffs. Enormous great room features light color wood floor. Entertainer's kitchen with luxury ""Bosch"" stainless steel appliance package, custom cabinets, custom stone counter top with full backsplash. Large master suite with free standing tub and custom marble shower surrounding. This home is filled with floor to ceiling windows and natural light. LEED Platinum certified with energy saving features like solar panels, tankless water heater, LED lighting, etc. Walk to Runway mall, Whole Foods market, Cedar Sinai medical clinic, CVS, Cinemark movie theater, two club houses, numerous parks and schools, too many to mention. Must see to appreciate.",,,,,
1176236993,"This charming 1910 Craftsman bungalow offers two bedrooms, one bathroom, a versatile bonus room, and an enclosed sunroom. Beautifully refinished original hardwood floors, abundant natural light, and fresh interior paint highlight the home's timeless character. The spacious living room flows into the formal dining room, creating an inviting setting for everyday living and entertaining. The sunroom provides flexible space for a den, playroom, or reading retreat, while the bonus room is ideal for a home office or bedroom. Outside, the detached one-car garage, currently used as an artist's studio offers additional possibilities for a workshop or storage. Situated on a generous 7,500-square-foot lot, the property also provides potential for expansion or an ADU (buyer to verify).  Rich in character and filled with possibilities, this beautiful Craftsman is an exceptional opportunity to own a piece of Pasadena!",,,,,garage;hardwood floors
1176679235,"30-Acre Sacramento River Retreat – Luxury Living, Income Potential & Productive Almond Orchard!  Escape to your own private resort where country living meets exceptional investment opportunity. Nestled on 30.26 picturesque acres just moments from the Sacramento River, this remarkable property offers the perfect blend of luxury, recreation, and agricultural income. The beautifully maintained 4,000-square-foot, 5-bedroom, 4.5-bathroom home is currently operating as a successful Airbnb, making it ideal as a primary residence, vacation getaway, or income-producing retreat. Designed for entertaining and relaxation, the home features a sparkling pool, expansive covered patio, spacious deck, inviting fire pit, game room, cozy wood-burning fireplace, central heating and air, and all appliances included. Whether hosting family gatherings or welcoming guests, every day feels like a vacation. A separate 1-bedroom, 1-bath residence, privately situated on the opposite side of the property, provides additional rental income, comfortable guest accommodations, or space for extended family. The property is primarily powered by owned solar, helping reduce operating costs while enhancing long-term value. For those seeking both lifestyle and investment, the ranch includes 20.5 acres of mature producing almonds featuring desirable Nonpareil, Aldrich, and Butte varieties, offering established agricultural income. Water resources include two domestic wells, one agricultural well, and irrigation service through both the Glenn-Colusa Irrigation District and the Princeton-Codora-Glenn Irrigation District. Outdoor enthusiasts will love the property's proximity to the Sacramento River, where boating, fishing, kayaking, wildlife viewing, and endless days on the water await just minutes away. Whether you're looking for a peaceful full-time residence, a luxury vacation home, a thriving short-term rental, or a diversified investment with agricultural revenue, this extraordinary property delivers. Opportunities like this are rare—experience the beauty, income potential, and year-round recreation this exceptional river-area ranch has to offer.  Please do not enter property without an appointment.",5.0,4.5,,,pool;fireplace;patio
1151022141,"Perched high in the Sherman Oaks hills, this striking modern estate embodies design, performance, and luxury. Completed in 2020 and enhanced to perfection, the residence spans roughly 8824 square feet of open, light-filled living space framed by breathtaking mountain and city views. Every detail was envisioned for effortless entertaining, from the showpiece chef's kitchen with an expansive island and floor-to-ceiling glass, to the outdoor terrace that evokes the ambiance of a five-star rooftop escape, complete with an infinity-edge pool, cascading waterfall, fire pit, and multiple lounge areas for relaxation and gatherings. Lifestyle amenities include a professional-grade home cinema with advanced automation, and a fully equipped gym integrated within a remarkable 10-car showcase garage. A private elevator connects all levels with ease. The primary suite offers a tranquil retreat with a wraparound terrace, spa-inspired bath with soaking tub, and a custom dressing area, all capturing sweeping valley panoramas. Secured by gated entry and comprehensive surveillance, this property ensures privacy and peace of mind while defining elevated California living through bold architecture, refined finishes, and flawless execution.",,,,8824.0,pool;garage;gym
1189610856,"Discover exceptional value with this beautiful below-market-rate new construction home in the heart of Valley Center’s premier master-planned community, Park Circle. This thoughtfully designed 3-bedroom, 2.5-bath home offers modern comfort and style, surrounded by incredible community amenities including two resort-style pools, multiple parks, and a state-of-the-art gym. Enjoy the perfect blend of small-town charm and contemporary living, all just a short drive from city conveniences in nearby Escondido. This home is completed and ready for move-in.",3.0,2.5,,,pools;gym
1190967313,"Enjoy coastal Carlsbad living in the gated Voscana community, just approximately 2.6 miles from the beach and close to shopping, dining, parks, and golf. This well-maintained two-story home offers 3 bedrooms, 2.5 bathrooms, an attached 2-car garage, and a private enclosed entry patio ideal for morning coffee or outdoor entertaining. Inside, tile flooring downstairs and luxury vinyl plank upstairs complement the bright interior. The spacious kitchen features a large granite-topped island, white tile backsplash, new white glass smart appliances, and a built in coffee bar. A cozy fireplace anchors the inviting living area. Additional upgrades include dimmable LED ceiling lighting throughout, a Nest thermostat, a new tankless water heater, and a new garage door opener. Community amenities include a bocce ball court, BBQ area, and playground. Located within the Carlsbad Unified School District, this home combines modern conveniences with easy access to the best of North County coastal living.",3.0,2.5,,,garage;fireplace;patio
1179123524,"Welcome to this exquisitely renovated cottage-style residence nestled in the highly desirable Cooley Ranch community. Thoughtfully redesigned with exceptional attention to detail, this turnkey home offers the perfect blend of modern elegance and everyday comfort. Step inside to discover a light-filled interior featuring brand-new flooring, plush new carpet, fresh designer paint inside and out, and an inviting open-concept layout. The stunning chef-inspired kitchen showcases crisp white shaker cabinetry, premium quartz countertops, and sleek modern finishes that create a sophisticated yet welcoming space for entertaining and everyday living. Every detail has been carefully curated, from the stylish new light fixtures to the beautifully updated bathrooms featuring elegant new vanities. Additional upgrades include new dual-pane energy-efficient windows, a new tile roof, and leased solar with payments of under $100 per month, providing both beauty and long-term energy savings. Step outside to your private backyard retreat complete with a covered patio, perfect for outdoor dining, weekend gatherings, or simply relaxing while enjoying Southern California's beautiful weather. The meticulously maintained landscaping enhances the home's impressive curb appeal and creates a peaceful outdoor setting. Ideally situated within the Colton Unified School District and just minutes from Loma Linda University Health, premier shopping, dining, parks, and convenient freeway access, this exceptional residence offers the perfect combination of luxury, comfort, and location. Every inch of this home has been thoughtfully upgraded, allowing you to move in and immediately enjoy the lifestyle you deserve. Opportunities like this are rare! 
schedule your private showing today before this exceptional home is gone.",,,100.0,,patio
1171167655,"A rare opportunity to own a breathtaking hillside retreat where stunning mountain views, privacy, and country charm come together in perfect harmony. Set on an expansive lot, a winding private driveway leads to a welcoming wraparound covered porch the perfect place to relax and take in unforgettable sunsets.

This beautiful two-story home features 4 bedrooms and 2.5 bathrooms, with bright, open-concept living spaces filled with natural light. Soaring ceilings, wide-plank flooring, and a warm, inviting atmosphere create the ideal setting for both everyday living and entertaining. The spacious kitchen offers abundant cabinetry, tiled countertops, a pantry, and plenty of room to gather.

Outside, the property truly shines. Enjoy irrigated fruit trees, imported grapevines, a greenhouse with planting beds, and a charming chicken coop with hen house, all connected by paved walkways throughout the grounds. A handcrafted brick pizza oven adds the perfect touch for outdoor entertaining.

Additional features include an automated front gate, versatile basement, dedicated laundry room, and attached two-car garage.

Offering an exceptional blend of natural beauty, comfort, and self-sustaining amenities, this one-of-a-kind property is more than a home, it's a lifestyle.",4.0,2.5,,,garage;laundry
1178563397,"$100K PRICE DROP. Contractor Special! Incredible Fixer Opportunity in Oakland Unlock the potential of this charming 2-bedroom, 1-bath home situated on a generous lot in a desirable Oakland neighborhood. Whether you’re an investor, contractor, or buyer looking to create your dream home, this property offers an exceptional opportunity to add value. Featuring a functional floor plan, attached garage, and ample outdoor space, the possibilities are endless. Restore its original character, renovate to today’s style, or reimagine the space to maximize its potential. Conveniently located near parks, schools, shopping, dining, and major commuter routes, this is a rare chance to invest in one of Oakland’s established neighborhoods. Property is being sold AS-IS. Bring your vision, tools, and imagination—this is the opportunity you’ve been waiting for!",2.0,1.0,100000.0,,garage
1156792671,"A Private Architectural Masterpiece in the SkyPerched high above the city with commanding, unobstructed panoramic views that stretch beyond the horizon, this one-of-a-kind custom-built concrete estate spans over 5,400 square feet of uncompromising elegance and design. A true architectural triumph, this secluded  gated sanctuary  was crafted for those who not only value total privacy but demand it and the finest things life has to offer.Every square inch of this home is a deliberate expression of artistry and refinement. From hand-carved, imported wood beam ceilings that whisper tales of old-world craftsmanship to radiant heated concrete floors that seamlessly blend luxury with functionality--no detail was spared. Soaring ceilings and expansive living areas flow effortlessly throughout, designed for grand-scale entertaining and intimate moments alike.The kitchen is not merely gourmet--it is legendary. Literally designed for one of the top five five-star chefs in the world, it is a culinary marvel equipped for both performance and presentation, boasting custom finishes, rare materials, and impeccable attention to detail.Natural light floods the home through floor-to-ceiling glass walls, transforming every moment of the day into a living work of art. The secondary en suite bedrooms are oversized and serene, offering mesmerizing views of the meticulously manicured backyard and surrounding landscape.The primary suite is beyond compare--an indulgent retreat with cavernous proportions, custom cabinetry, and a bespoke bedframe featuring a pop-up television reminiscent of the world's finest luxury penthouse suites. The jaw-dropping walk-in closet is a boutique experience unto itself, and dramatic windows frame your view of the shimmering pool and sprawling entertainment spaces.Step outside into your own private resort. A spectacular pool, elevated Jacuzzi, and limitless views transport you to another world. And then, there's the rooftop deck--an expansive sky-lounge that places you seemingly in the clouds. Whether hosting unforgettable soirees or enjoying quiet stargazing, this space elevates living to an entirely new level.Minutes from the vibrant heart of Sherman Oaks and the elite enclave of Beverly Hills, yet feeling worlds away--this home is not just a residence, it is an experience. A rare and remarkable opportunity for those who not only appreciate luxury but expect it.You've arrived. Welcome home.",,,,5400.0,pool;walk-in closet
1159265291,"Brand New 2026 Townhome community – 3 luxurious units with Temple City School District!  Location is unbeatable, a couple of minutes’ walk to Temple City Hall, City Historical Museum, Library, Temple City downtown, City Park, most of the banks, and so many popular foods and restaurants nearby.   Easy access to I-10, I-210, and I-605.   Each unit features a modern, open-concept design and superior craftsmanship.
Unit B – three stories with 4 bedrooms and 4 bathrooms.  The bedroom on the 2nd floor doesn't have a built-in closet. This unit features high-end finishes, gourmet kitchens, spacious bedrooms,  no common walls, and attached garages.  Providing the pay-off Solar System.  Beautiful landscaping at the front, each unit with a tree fence to divide each other, providing the privacy requirement.  Gated community, parking entrance from the alley, with one guest parking space in this community.   Public parking is one block away.  You will not find any new construction with such high-quality material, thoughtful designs, and so many conveniences.  Don’t miss out on this chance.",4.0,4.0,,,
1183989476,"Welcome to 353 N Colorado Place! This charming Spanish Style complex is tucked away in a beautiful residential street surrounded with Single Family homes in the desirable Bluff Heights neighborhood of Long Beach.  This is a corner, ground floor end-unit that is bright and airy with ocean breezes. It  features 2 bedrooms, 2 bathrooms and offers you all the benefits of Coastal living at a fraction of the price.  Checks all the boxes and is the full package!  Newly remodeled from top to bottom using designer colors and finishes. A true move-in ready gem!  Want a warm greeting every time you come home? This is it! The kitchen is fully remodeled and greets you warmly with new cabinets, countertops, stainless steel appliances, tiled backsplash and beautiful hardware thru-out.  It's a perfect backdrop for slow mornings at home alone or hosting dinners with family and friends. List of upgrades includes: New luxury vinyl flooring in living room, hallway, and bedrooms, new tile flooring in the bathrooms, new bathroom vanities, new paint, new shower tiles, new baseboards, new cabinet hardware and ready for it's new owner!  More bonuses includes: 1 car garage, small outdoor private space, small complex. A quintessential CA home with Palm trees lined streets and just blocks away from the Ocean. Centrally located in a very walkable neighborhood, steps to dining, shopping, coffee shops and parks. Mins to Belmont shores, 2nd & PCH, retro row, beaches, parks and everything Long Beach has to offer you. Truly one of a kind and ready to be your next home!",2.0,2.0,,,garage
1176981064,"Wood and Glass! Architecturally stunning with two story ceilings embracing the endless view!  A design masterpiece overlooking the valley below!  This spectacular wood and glass design sits high above and gazes out to the mountains beyond.  The breathtaking, panoramic view is unobstructed all the way to the Cuyamaca mountains!  You will wake up to the sunrise and end your day overlooking the twinkling lights below!  Surrounded by graceful gardens,  this custom two-story offers 3,339 square feet.  The second floor is exclusive to the library loft and sumptuous primary suite with its adjoining deck.  Pool, spa, and alfresco dining create your own private resort!  The endless view is captured by mitered glass windows strategically placed to embrace the view. Jay Foltz designed this rare find, and all eyes were on maximizing the view for year-round enjoyment. The private pool and spa are always just steps away from dining alfresco or stepping into the shower. Relaxing with friends and family has always been easy here, with everything you need just steps away. The two extra rooms are perfect for a home office or hobbies. The garage is a 2 car but is as wide as a 3 car due to the extra space being used as a shop. Don't miss the garage and man cave! The design is versitile and the options are abundant. Meticulously maintained with numerous upgrades, including drought-resistant landscaping and irrigation. The pool equipment was recently replaced, and the pool was recently replastered. Escape to this private retreat and enjoy the lazy days of summer!",,,,3339.0,pool;garage
1189278129,"Super sharp, must see-completely remodeled. Large family room flows from living room with fireplace and dining room-perfect for large family gatherings. Brand new central air and heat 08/2026. All conveniences are nearby.
Elementary School (Grades K-6): Ruby Drive Elementary School (approx. 0.3 miles away)
Middle School (Grades 7-8): Kraemer Middle School (approx. 0.4 miles away)
High School (Grades 9-12): Valencia High School (approx. 0.4 miles away)",,,,,fireplace
1190731916,"FALLBROOK PRIVACY & POTENTIAL AT AN INCREDIBLE PRICE!! Discover the possibilities in this charming single-story Fallbrook home, privately tucked away on nearly ¾ of an acre in San Diego County. Offering 3 bedrooms plus a dedicated office, 2½ bathrooms, and an ideal layout with both a living room and separate family room, each featuring its own fireplace. This home has the space and character you’ve been looking for. The family room opens seamlessly to the kitchen, featuring double ovens, glass-front cabinetry, granite countertops, an eating area, and doors leading directly to the backyard. A separate dining room showcases elegant crown molding, while the living room adds charm with a beautiful arched passageway to the entry. The office is enhanced by built-in shelving, perfect for working from home or creating a versatile flex space. The inviting primary suite includes an ensuite bath and mirrored closets. A 2-car garage adds convenience, while the expansive, secluded lot offers privacy, room to create, and endless potential. All this San Diego County property has to offer for just $720,000! Bring your vision and unlock the possibilities! This is a rare opportunity to own a private slice of Fallbrook with room to make it your own!!",3.0,,720000.0,,garage;fireplace
1176980985,"Welcome to 17943 Magnolia Blvd. #16.

Tucked away in a desirable Encino location, this spacious corner-unit townhome offers 3 bedrooms, 2.5 bathrooms, and 1,601 sq. ft. of thoughtfully designed living space. Soaring ceilings, a fireplace, brand-new carpeting, and new double-paned windows and sliding doors create a bright and inviting interior.

The main living area features a generous living room that flows into a dedicated dining space just off the kitchen, while a separate laundry room adds everyday convenience. The home also includes an oversized 2.5-car attached garage with direct access to the home and ample storage.

Recent upgrades include a brand-new electrical panel, a 2-year-old roof, and a tankless water heater. The newly installed carpet comes with a transferable 2-year warranty, including annual professional carpet cleaning.

The private gated patio has a mature shade tree—an ideal setting for morning coffee.

Residents enjoy access to a community pool and shared BBQ areas, all with a low HOA of just $604 per month. Ideally located near the shopping, dining, and entertainment of Ventura Blvd.",3.0,2.5,604.0,1601.0,pool;garage;fireplace;laundry;patio
1190776847,"A grand sense of arrival sets the tone for this spacious residence in Villa Seville, ideally situated in San Pedro's desirable Vista Del Oro neighborhood. Offering 1,852 square feet, the building's largest floorplan, this expansive single-level home provides a two-bedroom, three-bath residence with flexible potential for a third bedroom. Just off the main living area, a versatile bonus space already features a walk-in closet, three-quarter bath, sliding door to the balcony, and captivating harbor view, ideal as an office, den, guest retreat, or future third bedroom by adding a partial wall. From the formal entry, the sprawling living spaces unfold toward sweeping views of the Palos Verdes hills, Vincent Thomas Bridge, and LA Harbor. The generous living room centers around a fireplace and opens through sliding glass doors to an oversized balcony, extending the living space outdoors for morning coffee, coastal breezes, and a panorama that transforms after dark as the harbor and bridge lights begin to glow. A walk-in wet bar connects to the entertaining areas, while the dining room opens across a bar top to the well-equipped kitchen. Abundant white cabinetry, neutral countertops, a stainless steel five-burner gas range, dishwasher, refrigerator, built-in microwave, trash compactor, and generous casual dining nook support everyday living and hosting. Down the hall, a coat closet and built-in linen storage lead to a full guest bath with tile flooring and tub/shower enclosure, and a spacious secondary bedroom with built-in desk and walk-in closet. The generous and private primary suite offers two closets, a ceiling fan, and a dedicated bath with separate spa tub plus privacy doors to the restroom and shower. Even the in-home laundry room enjoys a Palos Verdes hillside view and includes newer washer and dryer, plus built-in storage. Two side-by-side spaces in the secure subterranean garage, additional storage, elevator access, and no stairs from parking to the residence provide convenient single-level living. Community amenities include a recreation room with billiards, sauna, kitchen, restrooms, and gathering space. Ideally situated near Averill Park, shopping, dining, freeway access, and beaches, the location also benefits from proximity to the highly anticipated LA Waterfront redevelopment, a transformative 400-acre, $400 million project reimagining the Port of Los Angeles as a premier destination for dining, shopping, entertainment, and waterfront recreation.",,,400.0,1852.0,garage;fireplace;laundry;balcony;waterfront;walk-in closet
1189786163,"Welcome to Villa Cavalaire, a beautifully updated modern townhome with a relaxed coastal feel and wonderful indoor/outdoor living. The main level features a bright gourmet kitchen with quartz countertops, porcelain backsplash, and a custom breakfast bar. A flexible bedroom/office and half bath complete the floor. The spacious living room offers a cozy contemporary fireplace and opens to a private front patio. Upstairs, the light-filled primary suite features soaring arched ceilings, closet, and a spa-like shower. The bright guest suite opens directly to a rare, oversized rooftop deck, one of three private outdoor spaces. Additional features include French oak-style flooring, custom details, a private two-car garage with extra storage, and a community pool and spa just steps from your front door. Located within walking distance of shops and restaurants, and Marina. This is a convenient dream location with the added benefit of cool, comfortable coastal weather. A truly special home you won't want to miss!",,,,,pool;garage;fireplace;patio
1179106253,"This new two-story paired home, with the backsplash and flooring installed, should be ready for move-in in Oct. or Nov. It hosts an inviting open-concept layout on the first floor with convenient access to a patio for seamless entertaining, multitasking and leisure. On the second floor, three bedrooms surround a versatile loft, including the luxurious owner’s suite with a full bathroom and walk-in closet. A two-bay garage completes the home.  Anden at Escaya is a new community offering brand-new paired homes for sale, coming soon to Chula Vista, CA. The community offers onsite amenities, including a relaxing swimming pool, park, clubhouse and more.",,,,,garage;patio;walk-in closet;swimming pool
1178092357,"Exceptional opportunity in the highly desirable North Upland neighborhood, conveniently located near the prestigious Claremont Colleges. This spacious 4-bedroom, 3-bathroom home offers approximately 2,337 square feet of comfortable living space, including a desirable downstairs bedroom and full bath ideal for guests or multi-generational living. The expansive primary suite provides a private retreat with generous space and functionality. The property has been well maintained and is in good condition. Conveniently located near shopping, dining, parks, and major freeways. Motivated seller — incredible opportunity for homeowners.",4.0,3.0,,2337.0,
1190723327,"Welcome to the pinnacle of Pasadena living. This completely remodeled home is situated within the premier community of Hastings Ranch. It features 3 bedrooms, 3 bathrooms, a dedicated office and an exceptional blend of modern style and upgrades. Filled with an abundance of natural light, the home's interior is enhanced by a beautiful custom skylight that creates a bright and airy atmosphere throughout. The newly-remodeled kitchen features brand-new appliances, creating a stylish and functional space for cooking and entertaining. Custom cabinetry, modern fixtures and an excessive amount of storage space makes this the perfect kitchen for the seasoned chef and the modern family. Several major systems have also been upgraded, including a new electrical panel, new AC, new dual-pane windows, and a new furnace, providing year-round comfort, security, and peace of mind. The flexible open floor plan offers multiple living spaces allowing you to shape and design the interior to fit your lifestyle. The home office is also ideal for today's work-from-home lifestyle. When you're working from home and want to take a break, you can step outside into your well-manicured backyard and lounge in the shade beneath your custom gazebo. From the front door to the backyard, this home is the pinnacle of Pasadena living. Come see for yourself during one of our open houses or schedule a private tour today!",3.0,3.0,,,
1156419945,"Beautifully renovated top-floor studio in The Californian, a classic 1920s historic building in the heart of Downtown Long Beach.This move-in ready unit combines vintage character with thoughtful modern upgrades, including brand new windows, updated plumbing and electrical with new panel, fresh paint, and updated appliances. Clean, modern finishes and natural lighting give the space a bright, refreshed feel while still honoring the building’s original charm. The secure structure features a welcoming historic lobby, elevator access, rooftop lounge with city views, basement laundry, and additional storage belong directly to the unit. Residents enjoy both character and convenience in one of Long Beach’s most recognizable buildings. Located just blocks from the beach, Pine Ave., The Pike, the Long Beach Public Library, and a wide variety of local dining and shopping. Easy access to public transportation and the 710 freeway makes commuting simple. There is also monthly parking availability nearby. With affordable HOA dues and updated common areas, this is a rare opportunity to own in a well-maintained historic building while enjoying a connected, walkable urban lifestyle. Call agent for a private tour!",,,,,laundry
1190847311,"BRAND NEW CONSTRUCTION, VACANT, A Complex of 9 Single Family, Private Road,   GUEST PARKING,4  Bedroom, 4 Full Bath, One Bedroom and One Bathroom on each First and Second Floor, 2 Bedroom and 2 Bathroom on Third Floor, Open Floor Plan, Modern Stainless Steel Appliances including an Electric Cooktop, Build-In Oven, Microwave, The unit boasts Multi-Zone Cooling / Heating, 5 Tone A/C, Double Pane Windows. LED Recessed Lighting, Walk-in Closet, Double Vanities, Eat in Kitchen, Engineered Oaks Hardwood Floor in Entire House, Fire Sprinklers, 220V Electric Vehicle hookup in the Garage, Inside Laundry Room (2nd Floor), Easy Access to Freeway & Expressway, Centrally Located with Convenient Access to Shops & Resturants, Close to Campbell Down Town, Close to John D Morgan Park, Close to Valley Fair, Close to Santana Row, Private Road, Guest Parking. Great Schools and Many More Features.",4.0,4.0,,,garage;laundry;walk-in closet
1188078453,"Step back in time without giving up modern comfort in this true Victorian home filled with remarkable original character. Offering 3 bedrooms and 2 bathrooms on a corner lot, this special property preserves the craftsmanship that makes historic homes so unique. Original details include doors, doorknobs and decorative hinge plates, hardwood floors in the living and dining rooms, intricate door and window moldings, beautiful banisters and staircase, soaring ceilings, wainscoting, and built-in cabinetry and shelving.

Thoughtful improvements provide the conveniences of today while maintaining the home's timeless charm. Major updates completed in 2006 include a complete electrical system, roof, dual-pane windows throughout, and updated flooring in the bedrooms, kitchen, and bathrooms. Two newer HVAC systems provide added year-round comfort.

The inviting floor plan features a charming front porch, grand formal entry, spacious living areas, and a formal dining room perfect for entertaining. Unlike many homes of this era, you'll appreciate the generously sized bathrooms and closets offering plenty of storage and functionality.

Outside, enjoy a large, fully enclosed yard with room to relax, garden, or entertain, plus off-street parking. Conveniently located close to downtown shopping, dining, and amenities, this is a rare opportunity to own an authentic Victorian that beautifully combines historic architecture with modern-day livability.",3.0,2.0,,,hardwood floors;garden
1179717202,"Huge price reduction, best deal in Scotts Valley.  Beautifully maintained and move-in ready, this 2014-built home offers a spacious, well-balanced layout in one of Scotts Valley's most welcoming neighborhoods. The home has 4 bedrooms and 3 full baths, including a full bedroom and bath on the main level, perfect for guests, multi-generational living, or a home office. Warm hardwood floors lead into an open kitchen with granite countertops, stainless steel appliances, and a center island, with a bright living area just off the kitchen to keep everyone connected. Upstairs, the large primary suite offers a dual-vanity bath and a generous walk-in closet, and the additional bedrooms are spacious as well, so everyone gets a room they'll love. A versatile loft adds space for a media room or play area.   Thoughtful comforts include a fully owned solar system that keeps energy bills low, central A/C, a whole-house water softener, custom closets in every room and storage racks bringing order to the garage. Out back, a private patio rests against peaceful redwoods. The beaches of Santa Cruz and the employers of Silicon Valley are a short trip away. Highly rated Scotts Valley schools complete a home designed for easy living in a great location.",4.0,3.0,,,garage;hardwood floors;patio;walk-in closet
1148534398,"Escape to your own slice of rustic paradise, where the allure of nature meets the comfort of modern
living. This charming cabin, recently renovated to perfection, invites you to unwind in style amidst the
tranquil wilderness. Step inside and feel the warmth envelop you, courtesy of the cozy wood floors
and the inviting glow of a wood-burning stove, beckoning you to snuggle up on those crisp evenings.
But it's not just about warmth; it's about elegance too. Picture yourself whipping up culinary delights
in the sleek, contemporary kitchen. And let's talk about move-in readiness; this cabin has it in spades.
From the freshly updated plumbing to the immaculate condition of every room, there's nothing left for
you to do except unpack and start living your cabin dream. But the real magic happens outside, where
the wonders of nature await. Imagine waking up to the sound of birdsong, stepping onto your deck to
catch the first light dancing across the trees, and knowing that adventure is just beyond your
doorstep. Whether it's hiking through pristine forests, casting a line into crystal-clear waters or skiing
on the slopes just all just minutes away. The possibilities for outdoor exploration are endless. Don't
just dream about your perfect getaway; make it a reality. Schedule your showing today and
experience the enchantment of cabin living for yourself.",,,,,
1190192190,"Mid-Century Modern style with private pool and spa. Welcome to this charming and meticulously maintained single-family home, ideally situated at the end of a peaceful cul-de-sac in a desirable neighborhood. Offering three bedrooms, two bathrooms, a private office, and a spacious family room, this inviting home combines comfort, functionality, and thoughtful updates. A welcoming entry opens to the light-filled living room and flows naturally into the heart of the home. The kitchen brings together beautiful quartz countertops, newer cabinetry, and contemporary appliances to create a stylish and functional space that is equally suited for everyday living and entertaining. A convenient pantry provides additional storage. The spacious family room is a true highlight, featuring an open-beam ceiling, two skylights, and an abundance of natural light. A cozy fireplace creates a warm and inviting gathering space, while views of the backyard bring the outdoors in. Step outside to your own private backyard retreat. The expansive yard features a sparkling saltwater pool and spa, a generous grassy area, and a covered patio ideal for outdoor dining, entertaining, or simply relaxing in the shade. The pool area is fully fenced, and the backyard is primarily enclosed with durable vinyl fencing. Both side yards provide additional space for storage, gardening, or other outdoor needs. Additional features include dual-pane windows, a soft-water system, and a convenient laundry area in the garage with a gas dryer connection. This home has been thoughtfully upgraded and lovingly maintained, offering a wonderful blend of indoor comfort and outdoor enjoyment. Located in a popular neighborhood within the award-winning Placentia-Yorba Linda School District, this home offers a desirable combination of location, space, updates, and lifestyle. A wonderful opportunity to make this welcoming property your next home!",,,,,pool;garage;fireplace;laundry;patio
1189387765,"*** Beautiful Entertaining Pool Home *** If you like to entertain family and friends or if you like to relax in your own oasis, this home is for you! Welcome to the city of Victorville. This spacious home consists of over 2000 sq ft of living space with THREE bedrooms and THREE bathrooms. A beautiful kitchen with lot of cabinet and counter space. A large living room and family room for a growing family. A master bedroom with its own bathroom for privacy. The backyard is your own oasis that is perfect for entertaining family and friends. A beautiful pool with a gazebo that is perfect to relax on any day. A THREE-car garage with a large driveway and RV parking. A gorgeous curb appeal that with palm-trees, makes driving up to this home appreciative. Come by and take a look =)",,,,2000.0,pool;garage
1177928309,"Nestled on a spacious lot at the very end of a quiet cul-de-sac in one of Santa Maria's desirable neighborhoods, 838 Rain Tree is a large 4-bedroom, 3-bath plus a extra bonus room that can be used as a den or office or 5th bedroom sitting on nearly 1/4 acre. The home offers approximately 2,513± square feet of comfortable living space. Listed for the first time in 17 years, this beauty was built in 1992, and located in the highly desirable Orcutt School District, offering a thoughtfully designed floor plan that boasts multiple living areas, spacious bedrooms, and abundant natural light, creating an ideal setting for both everyday living and entertaining. As you walk into the home, you a greeted by an open living room with lots of natural light. The next entrance leads you into an open concept kitchen with lots of counter space for meal preparation and entertaining guests. The kitchen also offers an area for barstools adding extra seating to the area. Off of the kitchen is the dining room with a fireplace. You will also find a room and bathroom downstairs as well. Upstairs you will find the spacious master bedroom equip with barn door style bathroom doors, a free standing soaking tub, a separate shower, farmhouse style bathroom with jack and jill sinks and a balcony off of the sliding glass door for relaxing. Additional guest bedrooms and a versatile loft provide space for a reading nook, home office of play area. The backyard is an entertainers dream offering lots of room to relax, bbq, host parties, have bonfires, garden, or host family and friends including an extensive concrete patio that makes it not only ideal for relaxing and entertaining, but easy to keep clean. A gas line is ran to conveniently hook up your BBQ, along with a 220 AMP outlet for hooking up a hot tub and ample amounts of outlets running along the back wall to hang lot of outdoor string lights or plug in speakers for parties and of plugging in your power tools to keep the yard nice and tidy! Plenty of room for gardening and entertaining very large or small and more intimate gatherings. Additional highlights include RV parking and a greenbelt next door with no intentions of ever being built upon (buyer to verify with county). Wrap it all up with the home being minutes away from parks, a myriad of restaurants, major shopping, easy highway access and centrally located amongst nearby parks offering free summer concerts and community events. Don't miss the chance to own this amazing home.",4.0,3.0,,,fireplace;balcony;patio;garden
1176810416,"Welcome to 217 Camille Way—where comfort, privacy, and peaceful Vista living come together in one exceptional home. Situated on an expansive 10,000+ square foot lot with no HOA, this beautifully updated 4-bedroom, 3-bathroom residence offers the perfect blend of serene rural living and everyday convenience, just minutes from vibrant Downtown Vista. From the moment you arrive, the inviting front porch welcomes you to enjoy the tranquil surroundings. Step inside to a bright, open interior featuring fresh interior paint, new windows on the main floor, and new light fixtures that add a fresh, modern touch throughout. Designed for comfortable living and entertaining, the spacious floor plan offers generous living areas along with a versatile bonus family room that can easily serve as a media room, home office, playroom, or additional gathering space. Step outside to a peaceful backyard featuring a spacious deck, perfect for enjoying morning coffee, outdoor dining, or relaxing at the end of the day. The low-maintenance yard provides the ideal balance of beauty and convenience, allowing you more time to enjoy the home and surrounding lifestyle. Whether you’re looking for space to grow, room to entertain, or a private retreat away from the hustle and bustle, this move-in ready Vista home offers the flexibility and comfort you’ve been searching for. Enjoy the charm of a quiet neighborhood with the convenience of nearby shopping, dining, schools, parks, and easy access to Downtown Vista. 217 Camille Way is ready to welcome you home.",4.0,3.0,,,
1184385322,"Welcome to this charming home located in an established Central Bakersfield neighborhood. This inviting residence offers a functional floor plan with comfortable living spaces, 1274 SQFT of living space (according to seller) abundant natural light, and a spacious backyard perfect for entertaining, relaxing, or creating your own outdoor retreat. Conveniently situated near shopping, dining, schools, parks, and major commuter routes, this home combines comfort, convenience, and value. A wonderful opportunity for first-time buyers, growing families, or investors. 4th Bedroom is currently being used as a Landry room but it can easy be converted back to it's original use.",,,,1274.0,
1183114395,"Welcome to this beautifully upgraded former model home in a desirable Acacia gated community in Oakley! Built in 2021, this spacious 4-bedroom, 2.5-bath home offers approximately 2,266 square feet of stylish and comfortable living space. Originally designed as a model home, it showcases thoughtful upgrades and beautiful finishes throughout. The open-concept floor plan features a bright and inviting living area, a modern kitchen with abundant cabinetry and counter space, and attractive flooring throughout. Additional highlights include ceiling-mounted speakers, an EV charger in the garage, generous storage, and a private outdoor space perfect for relaxing or entertaining with an outdoor fireplace. Newer construction, model-home upgrades, and gated-community setting, this home is a wonderful opportunity for buyers looking for style, comfort, and modern convenience. Don’t miss the opportunity to make this beautiful Oakley home yours!",4.0,2.5,,2266.0,garage;fireplace
1178737224,"PRICE IMPROVEMENT ALERT! Views, views and more views! The best viewpoint in all of Dictionary Hill! Perched atop Portola Avenue with incredible potential. 1600 sq ft of prime living space with an enormous garage attached below. Three levels including the garage. This property is waiting for the right buyer with vision to turn this pumpkin into a carriage! Must see to truly appreciate.",,,,1600.0,garage
1161966113,"FELL OUT OF ESCROW!! BACK ON THE MARKET!! HOME HAS BEEN UPGRADED SIGNIFICANTLY SINCE ORIGINAL LIST. (New upgrades include: New HVAC system, upgraded bathrooms, New flooring throughout, upgraded kitchen counter-tops).SUPER charming corner lot home. Features 2 bedrooms, 2 baths. This cottage home in this historic neighborhood of East Hemet. This home was originally built in 1963. The home and the neighborhood have never ceased to be heavily sought after. This home is SO cozy and quaint. Nestled in the Briercliff Village 55+ HOA community. HOA offers some wonderful amenities: beautiful pool, billiards room, picnic area, and wonderful clubhouse. All walking distance from the home. Perfect retirement home, or just a cozy home for a 55+ year old single or couple. The pictures show off this charming home, but nothing can take the place of putting your feet on and in this home. Home includes a very nice landscaped yard that surrounds the home. All with super low maintenance.  A rare HUGE TWO car garage for your cars and/ or to just store your stuff. Plenty of parking along the street and driveway. Close to schools, parks, downtown shops and restaurants, churches, and freeways. A true TURN-KEY home. Once you put your feet on this property, you will want to make it your own.",2.0,2.0,,,pool;garage
1178738937,"WELCOME TO YOUR DREAM HOME! 3221 Kempton Drive offers the perfect blend of original charm and craftsmanship with modern upgrades. The true heart of the home is a fully renovated kitchen featuring brand new stainless steel appliances, shaker style cabinets dressed in brass hardware, and 2 peninsulas made for both everyday living and effortless entertaining. The chef’s kitchen boasts Italian Porcelain matte countertops, tile backsplash, white oak floating shelves, and a custom hood vent. A charming stone fireplace grounds the living space enhanced by the vaulted ceilings, while French doors open to the back patio, creating a bright, welcoming indoor-outdoor connection that makes the home feel larger than it is. One of the most distinctive features is the detached garage and pool that add to endless entertaining. The upgrades are extensive: new waterproof and scratch proof Gemcore flooring, fresh interior and exterior paint, new 200 A panel, complete interior rewire, all new dual pane windows and doors, new pottery barn light fixtures, automatic irrigation front and back, and new rain gutters. Outside, a serene and private backyard offers a true escape, while the outdoor pool area offers a versatile entertaining space. The beautifully landscaped front yard and new diamond pattern driveway add to the home's curb appeal and functionality. All of this, just steps from top rated schools, parks, and everything that makes Rossmoor such a special place to call home. Homes with this level of flow and space, flexibility, and craftsmanship rarely come to market. This is one worth seeing in person.  Walkways are surrounded by fruit trees and lush privacy landscaping. Located within walking distance of Rossmoor Elementary and the award-winning Los Alamitos School District—don’t miss your chance to make this house your NEW​​‌​​​​‌​​‌‌​​‌​​​‌‌​​​‌​​‌‌​‌‌‌​‌​​​‌‌​ HOME!",,,,,pool;garage;fireplace;patio
1186913850,"Privately gated and tucked away at the end of a quiet cul-de-sac, this extraordinary ocean-view compound presents a rare opportunity to experience the very best of Encinitas coastal living. Set on an expansive flat usable lot with ample room for a resort-style pool, the estate blends privacy, scale, and effortless lifestyle in one remarkable offering. Completely walled and secured when the gate is closed, the property creates a safe and peaceful environment ideal for children and pets to roam, play soccer, entertain, and enjoy the outdoors freely.  The main residence features 3 bedrooms upstairs, a stately office with fireplace, a gym with full bath that could easily function as a 4th bedroom, soaring vaulted ceilings, expansive living spaces, and seamless indoor-outdoor flow throughout. The luxurious primary retreat offers a spacious spa-inspired bath with soaking tub, oversized closet space, a fireplace within the bedroom, and a private ocean-view terrace complete with its own fireplace — creating the ultimate setting for sunset lounging and coastal relaxation.  Designed for entertaining on every level, the grounds showcase a covered courtyard complete with built-in heaters, an outdoor fireplace, full BBQ kitchen, generous dining and lounge areas, sprawling grassy lawns, and dedicated space for gardening or future outdoor amenities. There is a serenity and beauty to the setting that truly must be experienced in person to be believed.  A detached 4-car garage with car lifts and its own full bath creates the ultimate setup for the automotive enthusiast, while the attached gym with full bath adds another layer of functionality and wellness to the estate.  The detached guest house lives like a private residence of its own, featuring 3 garage bays, ample storage for bicycles and surfboards, a dedicated laundry room, a full bedroom and bath on the entry level, plus an upper-level living space complete with kitchen, family room, fireplace, full bath, ocean-view deck, and private guest accommodations.  A true sanctuary and retreat just moments from Encinitas’ best beaches, restaurants, boutiques, schools, and parks.",3.0,,,,pool;garage;fireplace;laundry;gym
1154868555,"Priced for a quick sale. Fully furnished and move-in ready, this beautifully updated condo combines mountain views with extensive recent upgrades, including new flooring, fresh paint, a new HVAC system, a new water heater, and a remodeled bathroom. With all furnishings, televisions, kitchen appliances, and household essentials included, it's ready to enjoy from day one as a full-time residence, seasonal getaway, or turnkey investment property.The open-concept layout creates a bright, comfortable living space, with the kitchen flowing naturally into the living and dining areas. Step out onto the private balcony to enjoy mountain views, morning coffee, or warm desert evenings. Smoke Tree Racquet Club offers resort-style living with a pool, spa, tennis courts, pickleball courts, and beautifully maintained grounds. The community is ideally located just minutes from downtown Palm Springs, shopping, restaurants, hiking trails, and Tahquitz Creek Golf Resort. Whether you're looking for a primary residence, a lock-and-leave vacation home, or a turnkey investment property, this condo is ready to enjoy from day one with nothing left to do but move in.",,,,,pool;balcony
1190155055,"Located in Hollister, this spacious 2,760 sq ft home sits on a large lot of approximately 217,800 sq ft. The residence includes three bedrooms and three full bathrooms, providing ample living space. The interior features central air conditioning and electric heating complemented by a wood-burning fireplace that adds warmth and character. The layout offers a designated dining area but does not include a separate family room. The property also includes a three-car garage. This home is part of the North County Joint Union Elementary School District.",,,,2760.0,garage;fireplace
1175570681,"Welcome to luxury living at its finest! This home has so much to offer, you'll feel like you're living at a resort all the time! Located inside the prestigious gated community of Indian Palms Country Club, you'll have access to all of the club amenities including the community pools/spas, gym, pickle ball courts, and tennis courts. Featuring a 2 car garage and a 3rd golf cart garage, you'll have plenty of space to store items, park your cars, and have a golf cart! Inside the garage there's an electric vehicle charging port! The home features beautiful tile floors and Lvp flooring in the guest and primary bedrooms, a spacious kitchen, high ceilings, a huge primary bedroom with luxurious bathroom and walk-in closet! A convenient laundry room off the kitchen makes doing your laundry a breeze! The completely enclosed and private backyard is perfect entertaining or simply relaxing. To top it all off the casita, which has its own full bathroom, is perfect for visitors giving everyone their own space to enjoy the quiet, peaceful, and relaxing life at Indian Palms Country Club! The Indian Palms Country Club has approved some areas for STVR and offers a 27-hole Championship Golf Course and practice range! Located just minutes away from the famous Coachella & Stagecoach music festivals and the Empire Polo Grounds this location is prime real estate! One of the best things about this community is that the hoa fees are low which include front and backyard landscaping, Clubhouse, and Lifestyle Fitness Center access!",,,,,pools;garage;laundry;gym;walk-in closet
1156953047,"Welcome to an extraordinary multi-generational mountain estate in the coveted Fern Valley enclave of Idyllwild. Situated on a rare and private .42-acre lot, this property  presents a one-of-a-kind opportunity featuring 2 fully remodeled, rustic-modern cabins, ideal for dual living, luxury vacation rental income, or a private family compound.The primary residence is a stunning 3-bedroom, 1.75-bath cabin retreat defined by soaring vaulted and beamed ceilings, abundant natural light, and an open-concept design. The inviting living room centers around a classic brick fireplace, seamlessly connecting to the dining area and a beautifully upgraded chef's kitchen appointed with waterfall-edge countertops, custom cabinetry, and modern finishes. Each bedroom offers direct outdoor access, blending indoor comfort with the surrounding natural beauty.The secondary residence is a truly magical guest cabin designed for flexibility and elevated living, featuring 1 bedroom + Loft, & 2 baths. A dramatic sunlit atrium creates a striking architectural focal point, while the expansive outdoor space opens to an oversized backyard complete with a whimsical play structure and multiple areas for entertaining, relaxation, or stargazing under pristine mountain skies.This exceptional property is perfectly suited for multi-family living, Rental, or a luxurious retreat compound offering both privacy and connection. Enjoy breathtaking views of iconic Suicide Rock and Lily Rock, enhancing the serene alpine setting.Extensive upgrades ensure a move-in-ready investment, including new 40-year roofs, updated electrical panels, dual septic systems (one for each residence), air conditioning, tankless water heater, and newly constructed decks and railings. Additional features include a detached outbuilding, a 1-car garage, and ample space for outdoor enjoyment.Rarely does a property combine luxury, versatility, and income potential in such a picturesque setting. This is a premier opportunity to own a legacy property in the heart of Idyllwild.",3.0,1.75,,,garage;fireplace
1177048492,"Peaceful, tucked away townhome just minutes from the Santa Cruz Beach Boardwalk and downtown. Updated 2 bed / 2 bath townhome at 136 A Canfield offers the Santa Cruz lifestyle without the constant noise and traffic. The way the complex sits off the main streets creates a quiet, residential feel even though you are so close to the sand, Wharf, shops and restaurants. Inside, approx. 1,198 sq ft has updated flooring, kitchen, and two full baths so you can move right in and start enjoying beach town living instead of renovating. Light, open living area connects to a private outdoor space for morning coffee, WFH days or relaxing after a surf session. Two roomy and comfortable bedrooms provide great separation of space for guests, roommates or a home office. UCSC students and faculty will appreciate easy access to downtown Santa Cruz transit routes up to campus plus the ability to walk or bike to coffee, groceries and the Boardwalk, then come home to a quieter street that feels worlds away from the late night scene. An ideal home base in a gated complex of only 20 units.  This is for anyone who wants surf, study and social life balanced with a calm place to land at the end of the day.  Please note the GPS map is incorrect and that the location is at the northern part of complex.",2.0,2.0,,1198.0,
1191055928,"Designed by noted architect Bob Ray Offenhauser, this exceptional custom residence sits on an expansive 12,276 sqft lot in prime Holmby Westwood. Built in 2003, the home features approximately 5,314 sqft of main living space, an oversized 551 sqft garage and a finished basement of over 1,000 sqft, bringing the total footprint to nearly 7,000 sqft. Thoughtfully designed for easy, single level living, the home boasts 4 ensuite bedrooms including a first floor primary suite. Additional rooms include a dedicated office, powder room, mud room, cook's kitchen, family room, living room and formal dining room. Soaring 20-foot ceilings and generous proportions create a striking sense of scale, while high-end materials and meticulous detailing give the home a refined, timeless character. The first-floor primary suite offers two oversized walk-in closets and a dedicated vanity. A second, large bed and bath is adjacent on level one. Two additional ensuite bedrooms and a sauna are located on the second level. The 1000sqft lower level is finished and has ample storage. Outdoors, a lushly landscaped exterior features a private tranquil garden with fountains, entertaining space and a peaceful setting for morning coffee, al fresco dining or just a moment for some zen. Combining substantial square footage, impeccable design, and a premier Westside location, this is truly a rare offering and an extraordinary opportunity to own a one-of-a-kind residence in Holmby-Westwood.",,,,5314.0,garage;garden
1159503598,"SINK INTO THE PRIVATE POOL / SPROOL, AND RELAX, NOT BACKED TO BUSY STREET, THIS SINGLE FAMIY HOME IS AMAZING. POOL EQUIPT PROFESSIONALLY SERVICED. POOL EASY TO HEAT IN WINTER! USE AS YOUR WINTER GET AWAY, RENTAL PART TIME OR FULL TIME RESIDENCE. 2 CAR PLUS 3RD TANDAM GARAGE. INTERIOR LAUNDRY. GREAT SPLIT FLOORPLAN, WITH PRIMARY BEDROOM WITH FIREPLACE, LARGE DRESSING AREA, OVAL TUB AND SEPERATE SHOWER, TILED ENSUITE, LARGE WALK IN CLOSET. SPACIOUS RELAXING AND SEPARATE FROM 2 ADDITIONAL BEDROOMS. FANTASTIC LARGE KITCHEN WITH BAR CUSTOM COUNTER TOPS GRANITE TYPE, AND EATING AREA, PANTRY, REFRIDGERATOR, AND OVEN/ STOVE. CEILING FANS, KEEP COOLER IN SUMMER, ENTRY WITH LARGE LIVING ROOM, INTERIOR LAUNDRY ROOM WITH WASHER AND DRYER. SOLD FULLY FURNISHED. KING, QUEEN AND TWO TWINS CURRENTLY. HALLWAY WITH STORAGE, AND DIRECT EASY ACCESS TO GARAGE, TANDEM 3 CAR OR 2 WITH STORAGE, GARAGE DOOR OPENER. SIDE GATE YARD ENTERENCE. ELECTRONIC ENTRY, SO MANY UPGRADES. USE AS ARBNB CURRENTLY WITH TRACT RECORD ON FILE GREAT FESTIVAL INCOME, SUBJECT TO CITY ON INDIO STR SHORT TERM RENTAL LICENSE. CURRENT LICENSE ACTIVE FOR SEVERAL YEARS. OPT FOR OWNER USED PART TIME RENTAL. HOA TAKES CARE OF FRONT LAWN. PARK JUST DOWN THE STREET. HOA TAKES CARE OF THE FRONT YARD. A GREAT INVESTMENT PROPERTY, RENTAL POTENTIAL. WASHER/ DRYER, FRIDGE AND FURNITURE INCLUDED. COZY UP TO THE PRIMARY BEDROOM FIRFEPLACE. 2 CAR GARAGE PLUS TANDEM, MAKING 3 GARAGE SPACES. PROPERTY IS OCCUPIED, ARBNB OR OWNER, AND SEE BELOW SHOWING INSTRUCTIONS. SPROOL POOL, WITH PATIO AND SIDE GATE. NOTE OWNER HOLDS A CALIFORNIA BROKERS LICENSE 
INDIAN PALMS, GOLF 27 HOLES, CLUB HOUSE, NICE GYM, CLUB HOUSE WITH OCCASIONAL ACTIVITIES, 3 GATES, MAIN GATE OFF MONROE. COMMUNITY POOL, AND SEVERAL SEPARATE POOLS FOR YOU USE, VERY NICE GYM AT MAIN CLUBHOUSE, ENJOY GATHERTINGS AT THE BAR/ RESTURANT, SPECIAL FOOD NIGHTS. TURANT.  PICKLE BALL COURTS AND TENNIS COURTS. JUST MINUTES TO DOWNTOWN LAQUINTA, THE RESORT AND A NUMBER OF RESTURANTS, HIKE, BIKE AND OR TAKE A DRIVE TO DOWNTOWN PALM SPRINGS OR PALM DESERT. OR PICK UP YOUR CLUBS AND HEAD TO THE DRIVING RANGE. A FEW ITEMS RESERVED BY SELLER, B UT SOLD WITH MOST FURNISHINGS AS PRESENTED.  3.1% LOAN MAY OR MAY NOT BE ASSUMABLE, TO BE VERIFIED. CHECK OUT CLUBHOUSE DIINING AND EVENTS. BUYER TO INVESTIGATE ALL ASPECTS, HOA, LOT AND AMENITIES.",,,,,pool;pools;garage;fireplace;laundry;patio;gym
1189329965,"Step into the warmth and character of this charming 3-bedroom, 2-bath Riverside home, featuring a newly painted exterior that enhances its classic curb appeal. The entire exterior was Tex-Coted by C.A.T. Exteriors, and according to the owner, all exterior wood and fascia were replaced. Inside, you’ll find beautiful wood flooring in the living room, recessed lighting, dual-pane windows, central heating and air, updated flooring, and tastefully improved bathrooms. Both bathrooms offer thoughtful updates, including a primary bath with a relaxing oval soaking tub accented by distinctive textured glass. The dining room provides a welcoming space for meals and gatherings, while the kitchen features attractive countertops. A separate laundry room adds everyday convenience. Two bedrooms are situated toward the front of the home, while the back bedroom, located off the laundry room, is privately positioned at the rear with its own exterior entrance and space for a mini refrigerator and microwave—creating the potential for a private retreat or junior-suite-style setup. Built in 1918, this Riverside home blends vintage character, flexible living space, and modern-day conveniences into a truly inviting place to call home.",3.0,2.0,,,laundry
1191051836,"Discover an exceptional expression of modern luxury in Playa Vista's coveted Bridgeway Mills community. This extensively renovated three-bedroom, three-bathroom townhome combines dramatic architecture with sophisticated designer finishes, creating a truly distinctive residence unlike anything else in the neighborhood. From the moment you enter, an impressive 24-foot vaulted ceiling creates an extraordinary sense of scale, complemented by a striking crystal chandelier and abundant natural light. The residence has been thoughtfully transformed with fresh interior paint, new designer lighting, elegant 12x24 porcelain tile flooring, recently installed high-end designer carpeting, and beautifully curated finishes throughout. The open-concept main living area provides an ideal setting for both everyday living and entertaining. At the center of the home, the custom kitchen showcases a luxurious marble island with generous seating, new Samsung appliances, designer backsplash, custom cabinetry, and designer faucets. The attention to detail continues throughout the home with carefully selected fixtures and finishes that create a cohesive, elevated aesthetic. The upper-level primary suite offers a private retreat with a beautifully appointed en-suite bath and generous walk-in closet. Two additional bedrooms provide comfortable accommodations and flexibility for guests, family, or a home office. The second-floor bathroom has been completely elevated with luxurious Italian marble, designer finishes, custom glasswork, and sophisticated detailing. Additional upgrades include designer faucets throughout, refinished stairs, statement mirrors, and premium finishes carefully selected throughout the residence. Ascending to the private rooftop terrace, enjoy the quintessential Southern California lifestyle with an outdoor cinema and dedicated viewing area showcasing spectacular views toward Century City and the Hollywood Sign. The expansive rooftop creates an exceptional space for entertaining, relaxing, or enjoying LA sunsets. The private three-car garage offers remarkable convenience along with a dedicated laundry area, new Samsung washer and dryer, marble garage countertops, and a designer backsplash bringing the same level of attention to detail to the functional spaces of the home. Approximately $150,000 has been invested into the renovation and upgrades, resulting in a residence that feels polished, contemporary, and truly move-in ready. Residents of Playa Vista enjoy an exceptional resort-style lifestyle with 24-hour security, state-of-the-art fitness centers, Olympic-size swimming pools, tennis and pickleball courts, basketball courts, dog parks, and scenic walking and hiking trails. Ideally positioned near top-rated schools, parks, restaurants, shopping, and the beach, with convenient access to the best of the Westside. This is a rare opportunity to own a highly customized and extensively upgraded home in one of Los Angeles' most sought-after communities.",,,150000.0,,garage;laundry;walk-in closet;swimming pools
1138473466,"Contact agent for full Offering Memorandum.  According to the City, the building use is stores (retail) and residential. It's ideal for a celebrity / entertainment person / high net worth looking for live-work property or Venice compound. The occupant has been an artist (https://en.wikipedia.org/wiki/Billy_Al_Bengston) for the last 50+ years as his work space, living space and gallery.",,,,,
1188168955,Property is in probate.  Buyer to verify all before COE.,,,,,
1190452689,"Welcome to 27344 Oaktree Pl! This bright and inviting home offers 3 bedrooms, 2.5 bathrooms. The open and functional floor plan features durable vinyl plank flooring and a spacious kitchen with direct access from garage, crisp white cabinetry, and spacious pantry. Upstairs, you’ll find all three bedrooms along with the conveniently located laundry area, no carrying laundry up and down the stairs! The primary suite offers a relaxing retreat with dual sinks and a soaking tub. Ideally located in the highly sought-after Bridgeport community, near Bridgeport Elementary School and Heritage Park, with convenient access to shopping, dining, recreation, and everything Valencia has to offer. Best of all, the community is FHA and VA approved with NO MELLO-ROOS, making this an excellent opportunity for a variety of buyers.",3.0,2.5,,,garage;laundry
1172029497,"Enjoy space, privacy, and beautiful Salton Sea views from this modular home that has  two side-by-side lots ( two different APN #'s) totaling approximately 27,467 sq ft. The home sits on one lot and the RV's sit on the second lot. The RV's are not part of the sale. The home is 1,248 sq ft with 3 bedrooms and 3 bathrooms, including two bedrooms with private en-suite baths.Highlights include a large living room, kitchen, breakfast bar, indoor stack washer/dryer, newer furnace and A/C, newer water heater, recently replaced roof, upgraded electrical panel, and mostly all-electric utilities.Outside, the property is designed for desert living with a circular driveway, detached two-car garage, RV hookups, and a second fenced lot with two RV gates and palm trees. Both lots are fully fenced, creating a private oasis complete with a pool and outdoor bathroom featuring a shower, sink, and toilet. The pool is propane heated.",3.0,3.0,,27467.0,pool;garage
1190951531,"Enjoy sweeping views from every room in this fully renovated 2-bedroom, 2-bathroom corner residence on the 12th floor of Westview Towers, in the coveted 05 stack of West Hollywood's most sought-after high-rise. Sweeping views stretch across the city to the Hollywood Hills, framed by a private balcony perfect for morning coffee or evening wine as the skyline lights up at night. The kitchen was completely redesigned with an open-concept layout, semi-custom cabinetry, a dedicated pantry, premium quartz countertops, designer tile backsplash, and a built-in beverage station with wine fridge. New sink, faucet, disposal, water filtration system, under-cabinet LED lighting, and all-new Samsung appliances complete the space. Both bathrooms were fully remodeled with walk-in showers, recessed niches, and added storage  the primary featuring a premium waterproof shower system, designer tile flooring, full-height shower tile, and all-new vanity, countertop, sinks, faucets, toilet, and fixtures, while the guest bath adds a custom built-in shower bench. Premium waterproof flooring with sound-reducing underlayment runs throughout, and the primary bedroom offers custom closet framing, built-in storage, and remote-control blackout shades. Additional upgrades include a Nest thermostat, updated plumbing and electrical with GFCI protection and USB charging, recessed LED lighting, and an in-unit laundry room with new GE washer and dryer. The residence also includes two separate, non-tandem parking spaces with EV charging, an especially desirable feature for high-rise living in West Hollywood. Westview Towers is an established full-service condominium community offering 24-hour valet parking and concierge service, controlled access and security, a fitness center, sauna, pool and spa, recreation spaces, and an on-site private dog park. Sunset Boulevard and Santa Monica Boulevard are both just minutes away on foot, placing two of West Hollywood's most vibrant destinations close at hand. Enjoy the best selection of restaurants, nightlife, shopping, entertainment, and fitness studios throughout the neighborhood, with Beverly Hills, Miracle Mile, and the greater Westside conveniently accessible.",2.0,2.0,,,pool;laundry;balcony
1156411953,"Welcome to this exceptional 2600 square foot home located in the thriving and highly desirable city of Indio. This beautifully designed and competitively priced residence features 4 spacious bedrooms and 3.5 bathrooms, including a private attached casita at the front which is perfect for guests, extended family, or a home office. Beautifully situated in a prime location, the home offers convenient access to a wide array of popular restaurants, shopping centers, hiking trails and everyday amenities. The surrounding community is family-friendly and welcoming, making it an excellent choice for a variety of lifestyles. Enjoy the best of desert living with Indio's vibrant culture, renowned festivals, and numerous world-class golf courses just minutes away. Families will appreciate the proximity to quality schools serving all grade levels, from early education through high school and nearby colleges. With over 350 days of sunshine each year, this home offers the perfect opportunity to embrace indoor-outdoor living in one of Southern California's fastest-growing markets. A fantastic opportunity you don't want to miss!",,3.5,,,
1191046191,"First time on the market since 1972! With 1,200 sq ft inside on an almost 11,000 sq ft lot, this total fixer set into the hillside offers plenty of upside for the right buyer. The two-car garage, brick fireplace, and solid original layout give a builder or design-minded owner a true blank slate. And a peek under a corner of carpet in the living room indicates that hardwood floors lie beneath. The backyard is private with a covered patio and is ready for refinement. With quick access to San Fernando Road, the 170 & 5 Freeways, and Hollywood Burbank Airport this home presents a strong opportunity for an investor to add value, or for a family ready to make it their own. Sold As-Is.",,,,1200.0,garage;fireplace;hardwood floors;patio
1185543838,"Location, Location! Located in the hills of Melinda Heights this home is beautiful and spacious. Tons of natural light and soaring ceilings. Option to easily add a third bedroom - loft. This kitchen is open to both the breakfast area and formal dining room and living room. This spectacular chefs kitchen boasts new appliances, Beautiful granite counters and is light and bright. There is an indoor laundry room and tons of storage throughout this beautiful home. The large living area has a fireplace and opens to the secret garden backyard, perfect for relaxing after a long day or a family barbeque. At the top of the stairs you will find a perfect area for a desk or study. The largest bedroom has his and her closets, dual sinks, large soaking tub and separate shower. The oversized two car garage has direct access to your new home. Award winning Melinda Heights elementary is just across the street. Community amenities include a pool, spa and jacuzzi. Residents enjoy access to all of Samlarc's amenities as well, including the beach club, tennis courts and much more.",,,,,pool;garage;fireplace;laundry;garden
1191056394,"Beautiful End Unit Townhome with private driveway located in the highly desirable Bluffs community of Newport Beach. This 3-bedroom, 2-bath residence thoughtfully designed interior features hardwood flooring, granite countertops, stainless steel appliances, and abundant natural light throughout. The spacious living area is enhanced by a custom-built bar, creating the perfect space for entertaining or relaxing with family and friends. Additional upgrades include ceiling fans throughout, updated wrought-iron patio railings, and a generously sized walk-in closet in the primary suite. A rare highlight is the private driveway in addition to the attached 2-car garage with direct access—an amenity available to only a limited number of homes within the community. Enjoy resort-style amenities including two pools, spa, BBQ areas, playgrounds, and expansive greenbelts, all with a low HOA. Ideally located near Back Bay trails, Fashion Island, Newport Harbor, Balboa Island, Corona del Mar beaches, and John Wayne Airport. Zoned for highly regarded Eastbluff Elementary and Corona del Mar High School. An exceptional opportunity to enjoy the best of Newport Beach living in one of the area’s most sought-after communities.",3.0,2.0,,,pools;garage;patio;walk-in closet
1154483266,"Sale price includes existing luxury furnishings. Stunning Ocean Views from every room!  Offering a turnkey Malibu investment opportunity. Discover the epitome of coastal elegance in this beautifully renovated 2-bedroom, 2-bathroom condo in prime central Malibu, offering breathtaking ocean views. Thoughtfully designed with upscale finishes and furnishings throughout, the residence blends modern comfort with effortless coastal living. The main level features an open-concept living room, family room, and modern kitchen with stainless steel appliances, along with an elegant dining area and cozy fireplace. Step out onto the expansive balcony to enjoy sweeping views of the ocean, mountains, and Malibu cityscape. The lower level hosts both the primary and guest bedrooms. The primary suite features a spacious walk-in closet and a luxurious bathroom with dual vanities, a shower, and a freestanding soaking tub. The guest bedroom offers comfort and style, creating an inviting retreat for visitors. This ground-floor unit overlooks central Malibu with direct sight lines to one of the world's most iconic surfing destinations. The community features a heated pool, spa, sauna, showers, and multiple seating areas surrounded by lush landscaped gardens and grassy lawns. A walking and bike path connects directly to Cross Creek/Ranch, Malibu Country Mart, and the Lumberyard. Ideally located near Pepperdine University, Whole Foods, Malibu Pier, Nobu, Soho House, Malibu Canyon, world-class restaurants, hiking, shopping, and Malibu's renowned beaches. Direct views toward one of Malibu's most iconic surf breaks.",2.0,2.0,,,pool;fireplace;balcony;walk-in closet
1177865760,"Rare Opportunity  for an Owner, Developer / Investors- for multiple future additions, just waiting for someone to take this extraordinary property with endless potential to the next level...EASY TO SHOW WITH APPOINTMENT. The property consisting of 3 bedrooms, 2 bathrooms  with 3 parcels consisting of  16,776 sq ft lot with huge alley entrance for big trucks, machinary/equipment or storage. The 1,210 sq ft home features  A living room with wood flooring and recessed lights. The nice size primary bedroom with a private bathroom is bieng used as an office.  The other 2 bedroom share a hallway bathroom and both have laminate flooring with ceiling fans are good size. Cental heat/ac   Additional APN'S 2633-037-012-2633-037-011 lot sizes are 6,072- 6,330 and 6,072 for a total of 16,776.  Great lot home needing some upgrading but home has great potential.",3.0,2.0,,1210.0,
1173801536,"FHA Approved! Welcome to Woodlake Village, one of La Habra's hidden gems! This beautifully maintained upstairs 1-bedroom, 1-bathroom condo offers a desirable poolside location with an open floor plan, abundant natural light, recessed lighting, wood-style flooring, and tasteful updates throughout. The refreshed kitchen, remodeled bathroom, spacious bedroom with a walk-in closet, central heating and air conditioning, private gated parking, and ample guest parking make this home truly move-in ready. Woodlake Village features a recently remodeled and resurfaced pool, picnic areas, BBQ stations, lush greenbelts, and a welcoming, dog-friendly community. Just one block away, Vin Scully Centennial Park offers brand-new dog parks, pickleball and basketball courts, playgrounds, walking paths, and open green space. Conveniently located less than one mile from Imperial Promenade, you'll enjoy easy access to Target, Costco, Sam's Club, Starbucks, LA Fitness, restaurants, and more. Don't miss one of the most affordable opportunities to own a move-in-ready home in Orange County while enjoying a vibrant community, great amenities, and an unbeatable location.",1.0,1.0,,,pool;walk-in closet
1190162568,"Panoramic canyon and mountain views define this beautifully updated 3-bedroom, 2-bath top-floor end unit in Brittan Heights. Filled with natural light, the home features a vaulted living room with fireplace, wood laminate floors and direct access to a private balcony overlooking the canyon and mountains. The adjoining dining area shares the scenic outlook, while the updated kitchen offers white shaker cabinetry, quartz counters, subway tile backsplash and stainless-steel appliances. The spacious primary suite includes a walk-in closet and spa-inspired bath with oversized shower and dual-sink vanity. Two additional bedrooms provide flexibility for guests or a home office. An updated second bath, full-size laundry room, central air conditioning, Nest thermostat and extra storage add convenience. Brittan Heights offers multiple pools, clubhouse, tennis courts, playgrounds, walking paths and beautifully maintained grounds. Enjoy highly regarded San Carlos schools, including Carlmont High School, plus easy access to downtown San Carlos, parks, dining, shopping and Silicon Valley commute routes.",3.0,2.0,,,pools;fireplace;laundry;balcony;walk-in closet
1156918756,"Residence 504 at the legendary Broadway Hollywood stands out as one of the best values in the building, offering an accessible entry into one of Los Angeles' most iconic full-service landmark addresses. Originally built in 1928 as the historic Broadway Department Store, this celebrated Hollywood and Vine residence captures the character and scale buyers come here for. Soaring ceilings, oversized windows, and a flexible live/work layout with a loft-style bedroom area create a space that has made Broadway Hollywood so enduringly sought after. Owners enjoy the coveted Mills Act, which can provide substantial property tax savings, along with a resort-style rooftop amenity package featuring a pool, spa, cabanas, sun deck, fitness center, and sweeping views of the Hollywood Sign, Capitol Records, the Hollywood Hills, and the city skyline. Designed by Kelly Wearstler, the building also offers 24-hour concierge and security, controlled access, valet parking, and an unbeatable location moments from Katsuya, the W Hotel, the Pantages Theatre, Trader Joe's, Equinox, Barry's, Bristol Farms, the Metro, and the best of Hollywood dining, nightlife, and entertainment. For buyers who want the pedigree, amenities, tax advantages, and lifestyle of Broadway Hollywood without paying for one of the building's larger and more expensive residences, Residence 504 is a particularly compelling opportunity.",,,,,pool
1176493714,"Price changed for a fast sell!!!
Beautiful and Unique One bedroom; One bath condominium in the best area of Inglewood!!! Come and see it since it won't last at this price.
This condo was recently remodeled and has brand new flooring, new pain inside, new bathroom and new kitchen.",,,,,
1189503590,"MID-CENTURY MODERN + POOL + SOLAR + CASITA + NO HOA! This 1963 Indian Wells gem delivers character, space, and exceptional value in one of the desert's most desirable Mid-Century neighborhoods. Located on iconic Fairway Drive and surrounded by other distinctive Mid-Century homes, this light-filled 4-bedroom, 3-bath residence offers approximately 2,593 sq. ft. on a generous 12,195 sq. ft. lot. Classic architectural lines, a circular driveway, abundant windows, and walls of sliding glass doors create the quintessential indoor-outdoor California lifestyle. Step outside to a large pool, mature landscaping, multiple seating areas, and a spacious covered patio designed for effortless entertaining and relaxation. Inside, the updated kitchen and updated bathrooms provide a clean, refreshed feel. The generously sized primary suite includes a unique separate space perfect for an office, yoga studio, reading retreat, or whatever suits your lifestyle. A separate casita adds even more flexibility for guests, an office, studio, or creative space.  Big bonus NO HOA! Enjoy low utility bills with the leased solar. As a Indian Wells resident you get  the coveted Indian Wells Resident Card with preferred access and discounts at the Indian Wells Golf Resort, tennis, dining, and more. A rare opportunity to own a piece of Indian Wells Mid-Century history with the updates, amenities, and lifestyle today's buyers are looking for. Make this special property your own!",4.0,3.0,,2593.0,pool;patio
1160001701,"Welcome to Residence 28A at Century Plaza Towers, a rare opportunity to own a TURNKEY designer-furnished residence within one of Los Angeles' most iconic luxury high-rises. Set within the celebrated glass towers by Pei Cobb Freed & Partners, this coveted A-line residence is positioned within the building's most desirable stack and is currently the only residence available. Thoughtfully curated by a published designer, the home blends designer-upgraded interiors, integrated electronics, custom window coverings, and curated furnishings that elevate the residence beyond the building's standard finish package while delivering a seamless move-in experience. Spanning approximately 3,830 SF, this three-bedroom, three-and-a-half-bath residence is accessed through a private elevator lobby and showcases breathtaking panoramic views stretching from the Pacific Ocean across the city skyline and over multiple golf courses, all framed by dramatic floor-to-ceiling glass walls that flood the home with natural light. Offered substantially furnished, the residence features expansive entertaining spaces, a fireplace, and a nearly 20-foot terrace overlooking ocean sunsets and city lights. The Snaidero-designed kitchen is appointed with top-tier appliances and refined finishes, while the oversized primary suite serves as a private retreat with sweeping ocean and golf course views, a substantial custom wardrobe, spa-inspired five-fixture bath, sitting area, and private terrace. Secondary bedroom suites are thoughtfully positioned throughout the home, each offering en suite baths and exceptional privacy for guests or family. Park Elm residents enjoy an exceptional collection of world-class amenities, including a resort-style pool and spa, state-of-the-art fitness center, wellness suite, screening room, wine storage, entertainment lounge, dog park, private event spaces, and attentive 24-hour concierge service, all complemented by the evolving luxury lifestyle of the neighboring Fairmont Century Plaza. ********** In addition, Residence 28C is also available for purchase on the same floor, offered at $6,295,000. Together, Residences 28A and 28C present a rare opportunity to acquire a combined 6,260 SF offering featuring 5 bedrooms and 9 bathrooms, available together for $17,999,500. **********",5.0,9.0,6295000.0,,pool;fireplace
1177676189,"Residential Use zoned Commercial. Imagine the possibilities of what you can do with 4.75 acres across the street from Lake Tamarisk. Large, detached garage and outbuilding. Lake Tamarisk Community has a golf course, clubhouse, their own Fire Department with medical. Come enjoy your new home and amazing neighbors at Lake Tamarisk.All the utilities are underground in this development.",,,,,garage
1187613981,"Some homes ask you to choose between the canyon and the city. 26015 Alizia Canyon Dr #B sits right where they meet, tucked into a hillside pocket off Las Virgenes Road, where the open hills begin and the heart of Calabasas is just minutes away.

A private path through mature landscaping leads to the double door entry. Inside, this approximately 1,443 square foot, 3 bedroom, 2 bath home lives with the space and functionality of a townhome. The living room gathers around a fireplace, with a brick hearth and wood mantel anchoring the room, plantation shutters filtering the light, and sliding glass doors opening to a private balcony among the treetops. A separate dining room beneath diamond paned windows gives dinners and gatherings their own place, while the kitchen keeps a sunlit breakfast corner for everyday meals.

Upstairs, three bedrooms provide flexibility for sleeping, working from home, or guests. The primary features vaulted ceilings and an en suite bath, with a second full bathroom nearby. Central heat and air add year round comfort, while an attached garage with direct interior access brings convenience, laundry space, and storage. Fresh paint and new carpet create a clean starting point for the next owner.

Outside, the canyon takes over. The community is tucked into the Calabasas hills, surrounded by mature landscaping, open space, and the Santa Monica Mountains. Residents enjoy a pool, spa, and tennis court.

Beyond the community, spend Saturday morning at the Calabasas Farmers Market, explore Old Town Calabasas, shop and dine at The Commons, or head for the trails around King Gillette Ranch and Malibu Creek State Park. The 101 is nearby, connecting you to Woodland Hills, Agoura Hills, and the Valley, while the coast is a canyon drive away.

Comfortable today with room to personalize over time, this home offers a peaceful connection to the outdoors without giving up access to the places that make Calabasas so recognizable. Some of the best hours may be the simplest ones, coffee on the balcony before the hills warm up, the fireplace going when the canyon cools at night, and the canyon waiting right outside your door.",3.0,2.0,,,pool;garage;fireplace;laundry;balcony
1177912858,"Looking for a single-story home South of Ventura Boulevard in Encino? Welcome to 17701 Corinthian Drive, a rare opportunity in one of Encino's most sought-after neighborhoods. Offering privacy, convenience, and exceptional future potential, this property is ideal for homeowners, investors, and builders alike.  Situated on a flat cul-de-sac with sidewalks, the property is surrounded by strong neighborhood investment, including a newly constructed luxury home next door. Located just minutes from Ventura Boulevard's premier shopping, dining, and entertainment, this desirable South of the Boulevard location provides a convenient commute to Beverly Hills, Century City, Westwood, and the greater Westside.The thoughtfully designed single-story floor plan features 3 bedrooms and 2.5 bathrooms, highlighted by a formal entry with skylight, spacious living areas, and abundant natural light throughout. The remodeled kitchen includes granite countertops, stainless steel appliances, custom cabinetry, and generous storage, while the adjacent formal dining room offers classic charm and functionality.The private primary suite serves as a luxurious retreat with built-in shelving, direct patio access, an oversized walk-in closet, and a beautifully remodeled marble bath with tub and separate shower.The low-maintenance yard offers privacy, mature landscaping, and space to create your own outdoor sanctuary.Whether you're searching for a move-in-ready single-story home in Encino, a South of Ventura Boulevard location close to Beverly Hills, or a property with long-term development potential, 17701 Corinthian Drive presents an exceptional opportunity in one of the San Fernando Valley's most desirable neighborhoods.",3.0,2.5,,,patio;walk-in closet
1190191179,"Prime North Hollywood 4-unit investment opportunity with excellent income potential! Live in one and rent the others, or add a versatile, turnkey property to your portfolio.

The fully remodeled front home offers 2 bedrooms, 1 bathroom, and approximately 900 sq. ft., along with a large driveway providing ample parking. Behind it are two brand-new studio units, each approximately 300 sq. ft. with wall-unit A/C, plus a newly constructed 2-bedroom, 1-bath ADU of approximately 880 sq. ft. with convenient alley access.

Each unit features its own outdoor sitting area, while new vinyl fencing enhances privacy throughout the property. With approximately 2,380 sq. ft. of living space, four total units, new construction, and a central North Hollywood location, this is a rare opportunity for an owner-user or investor seeking multiple income streams and long-term upside.",2.0,1.0,,900.0,
1178358639,"*****PRICE IMPROVEMENT**** Rancho Belago Home, 3,570 square feet, tax records shows 6 beds. 4 baths. Currently shows as 7 bedrooms, 4 baths this residence shatters the standard two-story model by offering an incredibly rare and highly sought-after layout featuring THREE spacious bedrooms on the main level, and four bedrooms on 2nd level. Perfect for multi-generational households or extended guest stays. 
This property is equipped with a fully owned, completely PAID-OFF solar panel system, offering immediate thousands in annual savings. 
The main floor flows seamlessly into functional living areas. Second level Master suite is like your own get away...  with extra large walk in closet and cozy retreat. Home is Situated in a prime pocket known for excellent school boundaries, pristine neighborhoods, and quick access to local medical centers. Properties matching this size profile with main-floor bedroom volume and zero-cost solar liability are nearly non-existent. Don't wait for the weekend—schedule your private tour today!
**********MOTIVATED SELLER***********
Layout features 3 full bedrooms downstairs. two fireplaces, large pantry , lots of storage space , 3 car garage, New exterior paint.  
SOLAR IS COMPLETELY PAID OWNED/PAID OFF.
Submit all offers with pre-approval letter, proof  of funds.",6.0,4.0,,3570.0,garage
1191033181,"Rarely does a top floor, corner unit home of this size come available in coveted Wilshire-Montana. This spacious 3 bedroom, 2 bathroom condo spans 1,478 square feet in one of Santa Monica's most sought-after neighborhoods. Centered around a decorative fireplace, the ample main living space enjoys abundant natural light and an extra wide open concept layout that flows effortlessly through the dining area and into the kitchen. There you'll find custom cabinetry and quartz countertops alongside updated Samsung and LG appliances including a brand new stainless steel refrigerator, stove, and microwave oven. A sizable central island ties it all together beneath a perfectly placed skylight. Two bedrooms share access to a full bathroom off the hallway, while the primary bedroom features a walk-in closet with custom shelving and a newer remodeled ensuite bathroom. The entire unit has been upgraded with new paint, newly refinished engineered hardwood floors, newer double pane bedroom windows, in-unit laundry, and ductless air conditioning units to help keep things cool and comfortable year-round. Includes dedicated storage plus two secure tandem parking spaces, along with low HOA dues that include earthquake insurance, making this an even smarter opportunity in an intimate 9 unit building. The location is prime: just a couple blocks to Montana Avenue's boutique shopping, cafes, and acclaimed restaurants, and within the highly rated Franklin Elementary School zone. A spacious, move-in-ready 3 bedroom home in one of Santa Monica's most desirable pockets...This is The One!",3.0,2.0,,1478.0,fireplace;laundry;hardwood floors;walk-in closet
1177917697,"Best Value, lower $/sqft in the highly sought-after, top-rated Irvington school neighborhood! This delightful, sun-drenched townhome-style condo in the desirable Park Lane community is a rare find. As a coveted end unit with NO neighbors above or below you, enjoy the ultimate peace, privacy, and natural light. The bright open floor plan flows into a spacious kitchen with rich wood cabinetry, granite countertops, pendant and under-cabinet lighting, and recessed lights. The generous master suite serves as a true retreat with a large walk-in closet. Premium comforts include dual-pane windows, central heat/AC, an inside laundry suite, and an oversized 2-car tandem garage. Enjoy resort-style HOA amenities, including a well-maintained clubhouse and sparkling pool. This location is a commuter and lifestyle dream: walking distance to all schools (Hirsch Elem/Horner Middle/Irvington High) and minutes to 680, 880, BART, and Auto Mall Pkwy. Plus, you're close to local dining, shopping, the Farmers' Market, and scenic Lake Elizabeth. Move-in readythis is a must-see!",,,,,pool;garage;laundry;walk-in closet
1144521448,"Own a rare piece of the Hard Rock lifestyle! This coveted corner King Suite is one of only two of its kind per floor, offering 525 sq. ft. of contemporary style and energy. The suite includes a private balcony and is positioned to capture exciting city views of Downtown San Diego. Located in the iconic Hard Rock Hotel in the heart of the Gaslamp Quarter, you’re just steps from Petco Park, the Convention Center, San Diego Bay, and some of the city’s best restaurants, nightlife, and entertainment. As an owner, enjoy exclusive Rock Royalty perks including access to the Green Room Hospitality Lounge, complimentary valet parking during your stays, concierge services, and invites to private events. This is a condo-hotel ownership opportunity — owners may enjoy the unit for up to 28 days per year, with rental income potential through the on-site management program the remainder of the time. Cash-only purchase. Full-time occupancy is not permitted.",,,,525.0,balcony
1176581359,"Designed by Lorcan O'Herlihy Architects, this two-story residence is the second largest unit in the award-winning Habitat825 community, a well thought out development that engages directly with its architectural context and the neighboring Schindler House. Inside, soaring 20' ceilings and a wall of windows define the main living area, allowing natural light to filter deeply into the home and emphasizing its vertical volume. The living and dining spaces flow into a kitchen featuring custom Boffi cabinetry, marble countertops, and high-end Miele and Sub-Zero appliances. The ground level includes a spacious bedroom, a full bathroom with laundry area as well as access to the lush patio. The upper level of the residence offers two additional bedrooms, each with an ensuite bathroom, along with an additional lofted space overlooking both the courtyard and main living area, providing added flexibility. A private patio extends the living space outward toward the central courtyard, where landscaping and paths are designed to encourage connection among residents. Additional features include low HOA dues, two subterranean parking spaces, guest parking, and a storage space outside the unit. Ideally positioned within the neighborhood, the home is just a short stroll from the Melrose Farmers Market, neighborhood cafes, restaurants, and the everyday conveniences that define West Hollywood living.",,,,,laundry;patio
1179989213,"Live among the vines in one of La Cresta’s most desirable close-in locations. Set behind an automatic gate on over five usable acres, this 4,080-square-foot single-story estate offers beautiful vineyard and rolling-hill views, distant mountains, and city lights across Murrieta and Temecula.

Approximately 2,500 wine grape vines stretch across the acreage, primarily Malbec with some Merlot. The vineyard creates a romantic and peaceful setting, with orderly rows adding beauty and character. It provides a backdrop to everyday life, while giving the next owner the option to produce wine from their own grapes or sell the fruit to local wineries for income.

Inside, soaring ceilings, graceful arches and expansive windows create a light-filled, open and airy interior. The great room features dramatic floor-to-ceiling arched windows and a fireplace, while many windows bring in the stunning views.

The spacious floor plan offers four bedrooms, three-and-one-half bathrooms, formal dining, a dedicated office, flex space, an entertaining bar and a kitchen with center island and breakfast seating. The primary suite includes its own fireplace and direct patio access, while the primary bath features a freestanding soaking tub and rain-style shower. An attached three-car garage and interior laundry add convenience, while 36-panel paid-off solar adds value and helps reduce utility costs.

Outdoor living is equally inviting, with patios and landscaped areas positioned to take full advantage of the views. Multiple Fourth of July fireworks displays over Murrieta and Temecula can be seen from the property. There is plenty of room for a pool, while the usable acreage provides flexibility for horses, a barn, guest house, RV parking or additional agriculture.

Mature landscaping, fruit trees and impressive oaks complement the vineyard. A private water well and 5,000-gallon water tank add valuable utility.

Discover La Cresta on the Santa Rosa Plateau, an equestrian and acreage community of 5-acre-minimum properties where peaceful country living is just minutes from schools, shopping, dining and the I-15. Known for its equestrian roots, open-space character, extensive trail system and mix of vineyards, orchards and estate properties, La Cresta offers country living with everyday conveniences close by.

With its rare combination of sweeping views and usable acreage, this property offers an exceptional setting to enjoy all that the La Cresta lifestyle has to offer!",,,,,pool;garage;fireplace;laundry;patio
1174202529,"This iconic desert retreat oozes class, character and has a class one historical designation. Know as the Giannini residence, the original owners and founders of Bank of America made this their desert retreat nestled higher up in Araby Cove. Araby cove is one of the first and oldest subdivisions in South Palm Springs. The home was constructed with board formed, poured in place concrete and finely cut locally quarried stone over the concrete walls which is reminiscent of the craftsmanship from the 1880s-1930s era. The property also features a basement and bank type vault which could be a nice wine cellar. The basement stays at a cool temperature naturally through the year and has added AC in case you would like it even cooler. A large Albert Frey deck serves as a star and view gazing platform as well as a shade for the cars underneath.This could be a huge party space as well! Enter up a grand stair way to a stone porch! The porch is naturally cool being surrounded by rock and the orientation from the sun.The views from the front of the home are incredible and expansive. Enter the home thru old French doors and you are greeted with a huge original rock fireplace. The living room flows nicely into an office nook, then into a gourmet kitchen, butler pantry and coffee bar and breakfast nook.This all opens up to the lovely outdoor space surrounded by patios, a kidney shaped pool, spa and top of the line desert scape. There are outstanding views from each of the homes outside and inside viewing areas. Back inside the home we will find a large formal dining room to accompany your chefs kitchen. There is one guest bedroom and a den serviced by a jack and jill bath. The second bath on that side also able to serve the entertaining and dining areas. The other side of the home offers the primary suite with a large bath and sitting area.Also on that side is the second guest bedroom. This home has changed hands less than a handful of time in a 100 years. This is a a once in a lifetime opportunity to own a piece of history. The current owner has installed a  very extensive HVAC system and added much needed insulation to keep this green friendly home cool on hot desert days!",,,,,pool;fireplace
1155627186,"Fully updated and move-in ready, this beautifully updated home offers 3 bedrooms and 2 bathrooms, plus a separate upstairs studio, ideal for a home office, guest retreat, creative space, or potential rental setup. Thoughtful upgrades throughout create a fresh, modern feel while maintaining a functional open layout designed for everyday comfort. Enjoy the privacy of a gated fence and the convenience of a flat, usable lot with room to entertain, garden, or expand. The property also presents excellent ADU potential for future value and flexibility. Located close to downtown, you’ll appreciate easy access to restaurants, shopping, entertainment, and major commuter routes, perfect for those who want turnkey living with long-term upside.",3.0,2.0,,,garden
1177660899,"Price Improvement! Large flat lot! Nestled in a quiet residential neighborhood surrounded by single-family homes, this property is packed with potential. Set on a spacious lot with an extra-wide side yard, it offers an excellent opportunity to park multiple cars, add both an ADU and JADU (buyer to verify with the city). While the home needs work, it features a solid foundation (100K+ work done in 2024), trenchless sewer line, copper water line, new water heater, new flooring, remodeled bathrooms and a new roof, providing a strong head start for your project. Ideal for buyers looking for an affordable home with the opportunity to build sweat equity. Conveniently located near shopping, dining, schools, and major freeways for easy commuting. Don't miss this exceptional opportunity!",,,,,
1190456555,"Very few homes become available in this private enclave of the San Pasqual Valley. This residence has been elegantly remodeled by We Revive, whose team has gone beyond simple refurbishment to thoughtfully redesign the home for both serenity and everyday functionality. All electric, paid solar.  The photos capture the beauty of the property, but they only hint at the experience of visiting this hidden Shangri-La in person. Here, modern comfort meets timeless tranquility—creating a home that is as livable as it is inspiring.",,,,,
1191039474,"From the very first step inside, the world outside instantly fades away - replaced by a deep, unmistakable sense of warmth. You instantly feel right at home! Welcome to The Nest. Under soaring cathedral ceilings bathed in streaming natural light, this magnificent 2,695-square-foot sanctuary offers an effortless harmony of timeless character and modern luxury. With a whole house Generac Generator too, newer windows, furnaces and a whole house water filtration system, this home is perfect for full or part time mountain living with Pride Of Ownership evident around every single corner. 

Rich brick flooring underfoot tells a story of craftsmanship and heart, anchoring a layout filled with soul and charm at every turn. At the center of daily life is the thoughtfully remodeled chef’s kitchen with a show-stopping Quartz island designed for some serious entertaining and laid back gathering where morning coffee seamlessly turns into evening laughter, baking batches of sweet treats, and sharing meals with those who matter most. 

Step through onto the sweeping wrap-around deck, where gentle mountain breezes and sweet morning birdsong greet you each day. Look out over your stunning scenic views, stretching across nearly half an acre of extraordinarily rare, level mountain land. This is a gentle, flat haven near Grass Valley Lake that offers endless room to play, garden, gather, and breathe.

As night falls, melt into the warmth of the private outdoor hot tub under a canopy of mountain stars, listening to the delicious sound of the wind rustling through the trees. More than just a house, this is a place to love, to cherish, and where happy memories will be made and remembered forever.",,,,,garden
1177148960,"Beautifully upgraded CORNER-UNIT home in the desirable Beacon Park of Irvine Great Park. This highly sought-after SINGLE-LEVEL residence offers 3 bedrooms, 2 bathrooms, and approximately 1,465 sq. ft. of thoughtfully designed open living space, along with a private courtyard and ATTACHED 2-car garage. The open-concept floor plan features high ceilings, abundant natural light, and a seamless connection between the living, dining, and kitchen areas. The well-appointed kitchen includes a large center island, granite countertops, decorative backsplash, stainless steel appliances, and generous cabinetry—ideal for both everyday living and entertaining. The spacious primary suite offers a private bath and ample closet space, while two additional bedrooms provide flexibility for family, guests, or a home office. Additional highlights include plantation shutters, crown molding, recessed lighting, and convenient indoor laundry. Residents enjoy access to Great Park Neighborhood amenities, including pools, spas, parks, playgrounds, sports courts, clubhouses, and scenic walking and biking trails. Conveniently located in the heart of Beacon Park, this home is walking distance to Beacon Park School (K-8), and just minutes away from Portola High School, Woodbury Town Center, Irvine Spectrum, Future T&T Grocery and Canopy Shopping Center, major freeways, and the growing retail and recreational offerings throughout the Great Park. Do not miss out, this is a rare opportunity to own a bright, single-level corner home in one of Irvine’s most desirable master-planned communities.",3.0,2.0,,1465.0,pools;garage;laundry
1176703560,"BIG REDUCTION! We are proud to present this extraordinary, extensively upgraded residence in the prestigious guard-gated community of Vista Pointe, where modern sophistication and artistic design come together beautifully. Every detail has been thoughtfully curated and tastefully addressed, with no expense spared.
Gleaming white marble floors create a cool, elegant ambiance throughout the home, while custom fireplaces add warmth and distinctive character to the living spaces. The spacious family room features a built-in bar and flows seamlessly from the kitchen, creating an ideal setting for entertaining and everyday living. A hidden office tucked within the family room provides a private and functional workspace, and both spaces overlook the serene, private backyard and picturesque views beyond.

The kitchen is a showpiece in its own right, showcasing stunning, unique décor and a design that flows naturally with the home's sophisticated aesthetic. Reflecting the creativity of the seller, an accomplished artist, the residence incorporates thoughtfully designed elements that make it truly one of a kind.

A desirable ensuite bedroom is conveniently located on the main level, perfect for guests or multigenerational living. The dramatic spiral marble staircase leads to the upper level, where a spacious landing offers discreet built-in storage. The grand primary suite is a luxurious retreat featuring an exceptional spa-inspired bath, an impressive custom closet, and every amenity imaginable. The generously sized secondary bedrooms provide abundant comfort and flexibility, including one oversized bedroom that could easily be divided to create two separate rooms. Views can be enjoyed from many rooms throughout the home, further enhancing its sense of space and tranquility.

The third garage is currently converted into a yoga studio and can easily serve as a home office, fitness room, art studio, playroom, or be converted back to a three-car garage.

The resort-style backyard is an entertainer's dream, featuring a sparkling pool and spa, cascading waterfall, putting green, two built-in BBQs, and a fire pit. Beautiful views and exceptional privacy create the perfect setting for relaxing and entertaining. This remarkable Vista Pointe residence offers a rare opportunity to enjoy luxury, comfort, artistry, and breathtaking surroundings in one of the area's most coveted guard-gated communities.",,,,,pool;garage
1176060736,"Welcome to this exceptional 5-bedroom, 6-bathroom luxury residence offering 3,549 square feet of beautifully upgraded living space in one of the area's most desirable communities. Designed with a sophisticated European influence, this home showcases imported Italian marble flooring throughout the first level, real hardwood flooring upstairs, custom Italian marble bathrooms, and designer finishes throughout. Each bathroom features a unique color palette, high-end California Faucets and Newport Brass fixtures, and custom bronze and silver tones.

The European-inspired interior is complemented by Restoration Hardware silk draperies, stunning crystal chandeliers, and elegant custom details at every turn. Fully owned solar panels and a Tesla charger provide energy efficiency with little to no electricity costs.

Uniquely positioned with no homes directly behind, this rare lot offers added privacy and open views. Residents enjoy nearby parks, playgrounds, a heated community pool, and the Great Park just around the corner. This is truly a special place to call home.",5.0,6.0,,3549.0,pool
1190453954,"Prime location, just blocks to the Junipero Beach, Bixby Park, restaurants & coffee shops, all for a great price! Large 2 bed, 2 bath front unit at the mid-century Anita Imperial condos is ready to be your new home! Over 1000 sf, spacious and with recently remodeled/updated bathrooms and kitchen, refreshed with new paint and carpet in bedrooms, it even has its own private and secure one-car garage! Quiet pet-friendly complex with lush landscaping, community laundry room, and fountain provides a safe and tranquil environment in a small complex of just 17 units. Plantation shutters on the windows and the tropical plants provide privacy but also allow in the filtered afternoon sunlight, while ceiling fans help keep this naturally cool unit very comfortable. Huge closets in the bedrooms, plus additional storage in the hall, we think this this condo is going to check all the boxes!",2.0,2.0,,,garage;laundry
1157105581,"Great opportunity in Palmdale! This 3-bedroom, 2-bath home features an updated kitchen and a recently installed roof. The property offers strong potential for buyers looking to add their own cosmetic touches and build equity. Conveniently located near restaurants, shopping, and a local high school, making everyday errands and commuting simple. Whether you’re a first-time buyer, investor, or someone looking for a home with upside, this property offers a solid foundation with room to make it your own.",3.0,2.0,,,
1179954181,"Welcome to this charming 3-bedroom, 2-bathroom home in the highly desirable city of Chino Hills, offering approximately 1,524 sq ft of comfortable living space. The home features a well-appointed kitchen, perfect for everyday living and entertaining, along with a formal dining room and a separate family room with a cozy fireplace. Designed for comfort, the property includes central air conditioning and heating for year-round enjoyment. A skylight adds natural brightness and warmth to the interior, enhancing the overall living experience. Additional features include a dedicated laundry area and an attached 2-car garage, providing both convenience and ample parking. Located within the Chino Valley Unified School District, this home offers access to nearby schools, shopping, and amenities. Property is being sold in its present as-is condition. Photos have been enhanced for marketing purposes.",3.0,2.0,,1524.0,garage;fireplace;laundry
1149583815,"Wow!  What a deal!  Welcome to this beautifully upgraded, move-in ready single story home located in a quiet, well established neighborhood in Apple Valley. This spacious home offers 3 bedrooms, 2 bathrooms, and 1756 sq. ft. of living space, perfect for comfortable everyday living.  Enjoy all new flooring throughout the entire home, fresh interior paint, and a brand new roof for peace of mind.  Huge bonus is the energy efficient solar system to eliminate your monthly Edison bill.  The inviting kitchen features ample cabinetry, a pantry, tile countertops, a breakfast bar, and a cozy dining nook.  The family room includes a charming brick fireplace and opens to the dining area with sliding glass doors that lead to a covered patio, ideal for relaxing or entertaining.  The large primary suite offers a double sink vanity, a soaking tub, separate shower, and a walk in closet.  The home also features an indoor laundry room with a gas dryer hookup, an attached 2 car garage, RV parking, a fully fenced back yard, and a storage shed.  Conveniently located near shopping centers, schools, parks, and restaurants.  This is a must see home that offers comfort, convenience and style in one turnkey package now offered at an unbeatable discount!",3.0,2.0,,1756.0,garage;fireplace;laundry;patio
1187353404,"Calling all investors, renovators, and visionaries! This property offers incredible upside and endless potential to create your dream home or next investment. Situated on a generous lot in a desirable location, it features 5 bedrooms and 2 bathrooms, including 2 bedrooms conveniently located on the main floor. Additional highlights include an individual laundry room, detached 2-car garage, and a fireplace in the spacious living room. The large backyard with mature fruit trees provides plenty of room for outdoor living, expansion, or landscaping.

So much potential! Property is being sold “AS IS” in its present condition, with no repairs, credits, buyer concessions, or warranties from the seller.",5.0,2.0,,,garage;fireplace;laundry
1176875144,"Relax on your private balcony, take a breath of fresh ocean air, and let the stunning views and open sky remind you exactly why you chose Santa Monica. This top-floor, front-facing, end-unit condo in prime Ocean Park has been completely renovated into an elegant and transformative dream retreat. //The south-facing sliding doors in the living room and skylights in the dining area draw in sunlight to the common spaces at all hours of the day. With a single shared wall, this home enjoys light from windows on three sides - and out of every single window, you enjoy a different view of open air and beautiful spaces. From both your front door entry and your private balcony, trees and hills frame a breathtaking sightline stretching all the way to the Downtown LA cityscape, Hollywood Hills, and San Gabriel Mountains. //Warm neutral tones and the highest quality materials create a uniquely sophisticated space. The modern, high-grade kitchen has been beautifully redesigned with flat-front light oak cabinetry, stunning Taj Mahal Quartzite countertops, a premium workstation sink, and a full suite of brand-new, top-tier appliances. The bathrooms have been completely reimagined from the textured tile to the carefully selected fixtures, and each bedroom offers a spacious, sunlit retreat to unwind at the end of the day. //Plan on leaving your car in your parking spot, as this is arguably the most pedestrian-friendly area of the Westside. You can grab your chair and get to the sand in minutes, though the vibrant restaurants, shops and hotspots on Rose Ave and Main Street might snag your attention first on the way. This property offers the absolute pinnacle of social beachside living with the elegance and comfort of a brand-new, high-end home.",,,,,balcony
1169655792,"Move-in ready and thoughtfully updated, this beautifully designed 3-bedroom, 2-bath desert home offers 1,606 square feet of comfortable living with an effortless blend of style, functionality, and energy efficiency. Bright open-concept living spaces create a seamless flow between the kitchen, dining, and living areas, while expansive windows fill the home with natural light and frame the warm, inviting desert atmosphere.
Recently updated kitchen and flooring bring a fresh contemporary feel throughout the home, while the bedrooms feature high-quality soft 55-count carpeting with upgraded foam padding for exceptional comfort and warmth. Plantation-style shutters throughout enhance both the aesthetic and functionality of the home, offering added privacy, timeless character, and improved energy efficiency year-round.
Adding exceptional long-term value, the property includes paid-off solar system (to be paid off at close of escrow)— a highly sought-after feature that offers lower utility costs, improved efficiency, and increased buyer appeal in today’s market.
The spacious primary suite serves as a private retreat with its own ensuite bathroom, while two additional bedrooms provide flexibility for guests, a home office, or creative space.
The finished attached garage has also been upgraded with a brand-new mini split system, creating an ideal flex space for a home gym, studio, workshop, game room, or additional bonus living area.
Outside, the large fully fenced backyard offers endless potential to create your own desert oasis — whether envisioning outdoor entertaining, dining under the stars, room for pets, or simply enjoying the peaceful surroundings and open skies.
Ideally located on paved roads with convenient access to downtown, Freedom Plaza, local restaurants, shopping, and the North Entrance of Joshua Tree National Park, the property combines comfort, convenience, and quintessential High Desert living.",3.0,2.0,,1606.0,garage;gym
1182593384,"Ideally positioned on the main lake, directly across the bay from the Canyon Lake Lodge, Tennis Club, and Sunset Beach, this custom-built home offers unobstructed views and direct water access from one of the community's most coveted stretches of shoreline. The kitchen has been fully redone with white oak cabinetry and leathered Taj Mahal quartzite counters, a look echoed in the matching upstairs bathrooms. The main level offers everything for easy, single-story-feel living, with the kitchen opening to a spacious family room, a full laundry room, and three of the home's four bedrooms. Two secondary bedrooms sharing a fully remodeled Jack & Jill bath sit just off the family room, while the primary suite is tucked privately away on the opposite side of the home. The primary suite is a true sanctuary, offering lake views, an incredible walk-in shower, and a closet that functions like its own dressing room, with custom built-in shelving and a dedicated shoe wall, plus direct access to the laundry room. A private slider opens to a long balcony, connected to the family room by a second slider at the opposite end.This home welcomes you through two distinct entrances on opposite sides of the house, one on each level, both framed by rich stone accents, including a porch off the upper level's entry. Downstairs includes a bathroom with a walk-in shower, a fourth bedroom with built-in storage, and access to the approximately 1,200 sf garage with its own custom bar. The lower family room includes a wet bar with a built-in mini fridge, refreshed with the same cabinetry and countertops as the kitchen above, and opens to a covered lanai overlooking the lake. Step outside to a backyard built for both play and entertaining, with a kids' play area tucked in on one side and a saltwater pool and spa, complete with spillover waterfall and rock slide, right against the backdrop of the lake. Past the pool, a seating area invites you to pause before heading down to a fully covered lounge space with a ceiling fan, and finally a third seating area right at the water's edge, just steps from your private, brand-new XL aluminum covered dock. Out front, artificial turf and stacked stone accents complete the curb appeal on this corner cul-de-sac lot. The home also features owned solar. Canyon Lake itself offers 24/7 guard-gated security, sport courts, pools, parks, clubs & events, an 18-hole golf course, and the Lodge with restaurant & bar, true resort living every single day.",,,,,pool;pools;garage;laundry;balcony
1189403463,"Charming North Glendora Single-Story Residence on a Quiet Cul-de-Sac. Ideally situated just minutes from Glendora Village, this beautifully updated 3-bedroom, 2-bath home offers approximately 1,894 sq.ft. of thoughtfully designed living space on a 9,145 sq.ft lot. The light-filled interior features spacious living and family rooms, a warm fireplace, charming by windows, and a versatile floor plan ideal for both everyday living and entertaining. 
The generous kitchen offers abundant cabinetry and counter space, and a seamless connection to the dining area highlighted by a picturesque bay window seat. 

Step outside to a private and spacious backyard accented by mature fruit trees, providing of room for entertaining, gardening, outdoor living. Conveniently located near parks, shopping, dining, Glendora Village.  

A wonderful combination of location, character, space, and single-story home in desirable North Glendora.",3.0,2.0,,1894.0,fireplace
1175345840,"Room to live, room to play, and room to dream! Welcome to 267 Hannalei Drive, a beautifully maintained 3-bedroom, 2-bath home in Vista’s desirable Mar Vista neighborhood, set on a rare and exceptionally usable lot with possibilities that are hard to find.  Step inside and immediately feel at home. Brand-new dual-pane windows fill the interiors with natural light, while the cozy fireplace creates the perfect gathering spot for relaxing evenings. The inviting living spaces flow naturally toward the outdoors, creating an easy connection between indoor comfort and Southern California living.  One of the home’s true highlights is the charming screened-in patio—a versatile space for morning coffee, casual dining, entertaining friends, or simply slowing down and enjoying the day. Then step into the backyard and discover the space that sets this property apart. The expansive level and tiered lot offers room to spread out, garden, play, entertain, or create something truly your own. Mature fruit and citrus trees, including a beautiful pomegranate tree, add charm and character, while the generous outdoor space provides the canvas for your vision. Imagine a pool, garden, play area, expanded outdoor living, ADU (subject to approvals), or a private backyard retreat.  Best of all, you don’t have to do it all at once. Move in, enjoy the home today, and create your dream property over time. Just minutes from Vista Village, enjoy restaurants, breweries, coffee shops, shopping, live entertainment, community events, parks, and hiking trails, with convenient freeway access connecting you throughout North County.  Some homes simply check the boxes. This one gives you room to dream beyond them. Come see 267 Hannalei Drive and imagine what’s possible.",3.0,2.0,,,pool;fireplace;patio;garden
1175978157,"Set within the upscale Woodland Hills enclave of Carlton Terrace, this recently updated 3BD/2BA residence offers an ideal blend of comfort and style, highlighted by an open concept floor plan, vaulted ceilings, and a private, spacious backyard retreat. A peaceful street and inviting stone driveway lead into an airy interior, where recessed lighting, a cozy fireplace, and rich, high-quality laminate flooring create a warm, comfortable atmosphere. Sliding glass doors seamlessly extend the living space outdoors, enhancing the home's effortless indoor-outdoor flow. The living area opens naturally to the dining space with newer dual paned windows and a charming breakfast nook, and continues into the bright kitchen outfitted with custom cabinetry, premium granite countertops, stainless steel appliances, and an expansive island with bar seating ideal for gatherings. Just beyond the kitchen, a finished two-car garage offering additional storage and a separate laundry room with direct access add everyday convenience. The primary suite is both bright and well-appointed, featuring a walk-in closet and a newly remodeled en-suite bath with improved cabinetry and flooring. Two secondary bedrooms are thoughtfully positioned down the hallway and share an updated bathroom with a shower/tub combination. Outdoors, the spacious and private backyard retreat is designed for both relaxation and entertaining, showcasing a sparkling pool with a brand-new pump and filter, mature landscaping, and multiple areas for lounging and dining. Additional updates include fresh interior and exterior paint, new plumbing throughout, and enhanced perimeter fencing. Ideally located near the Westfield Topanga Mall & Topanga Village, Warner Center, and top-rated schools such as Pierce College and Taft Charter High School, this home presents a rare opportunity to enjoy modern upgrades in a highly desirable setting just minutes from the 101 freeway for easy commuting.",3.0,2.0,,,pool;garage;fireplace;laundry;walk-in closet
1190195799,"The Plan 2,239 square foot home with a California Ranch facade has a 23 ft. long driveway and 41 ft. deep back yard and features a downstairs bedroom and full bathroom. The home has an open-concept floor plan Great room, dining area, and an island kitchen with built-in stainless steel appliances, Quartz countertops, and Alto (Gray) shaker style cabinetry throughout the home. Upstairs is the primary bedroom with ensuite and walk-in closet, two additional bedrooms, a large loft, and a laundry room with extra storage. There is carpet in the bedrooms and closets and vinyl in the main living areas. There is Smart Home technology throughout, solar mandatory, and a 2-car garage pre-plumbed for an electric car.  The home is fully landscaped and irrigated in the front yard.  The home has a neighborhood sports park, shopping and freeway access nearby.  We anticipate the home will be ready to move in December 2026.",,,,,garage;laundry;walk-in closet
1178599757,"Welcome to your vibrant Yucca Valley retreat, where modern desert living meets bold, personality-filled design. This beautifully refreshed 3-bedroom, 2-bathroom single-story home spans 1530 sq. ft. of thoughtfully curated space, offering the perfect canvas for the life you've always envisioned.

At the heart of the home, the kitchen is nothing short of a showstopper. Striking turquoise cabinetry, a bold patterned tile backsplash, a copper-toned range hood, and stainless steel appliances — including a French door refrigerator — come together to create a space that's as fun to cook in as it is to admire. The open layout flows effortlessly into the living area, where warm luxury vinyl plank flooring and a stylish ceiling fan set the tone for relaxed, sun-soaked days.

The spacious primary bedroom, is a serene sanctuary bathed in natural light, featuring a modern wall-mounted mini-AC system for personalized climate comfort — ideal for Yucca Valley's desert climate. Additional bedrooms offer bright, clean spaces with mirrored closets and beautiful light-toned flooring, ready to become whatever you need them to be.

Both bathrooms are crisp and contemporary: one features classic subway tile in a walk-in shower with a frosted glass door and elegant glass shelving, while the other offers a clean white vanity and tiled shower. Every detail speaks to quality and care.

With a garage and the wide-open beauty of the high desert just outside your door, this home is your gateway to the Joshua Tree lifestyle — and everything that inspires it.",3.0,2.0,,1530.0,garage
1176539787,"Set within the highly sought-after Artist Colony of Woodland Hills, south of Ventura Boulevard, this beautifully remodeled contemporary home showcases breathtaking panoramic views stretching across the San Fernando Valley and the very best of California indoor-outdoor living. Situated on a 12,399 sq. ft. corner lot, this turnkey 4-bedroom, 3-bath residence offers approximately 2,356 sq. ft. of thoughtfully updated living space in one of Woodland Hills' most desirable hillside neighborhoods. Vaulted ceilings, abundant natural light, rich wood flooring, and an open floor plan create an inviting space for everyday living and entertaining. The remodeled kitchen features shaker cabinetry, Carrara marble countertops, stainless steel appliances, a professional six-burner gas range, breakfast bar seating, and generous prep space. The flexible layout includes a main-level bedroom and full bath, while the spacious primary suite offers a walk-in closet, a beautifully remodeled spa-inspired bathroom, and a private balcony with spectacular valley views. The private backyard is designed for effortless California living, featuring a pool and spa, covered patio, professionally landscaped grounds, and multiple spaces to relax or entertain year-round. Additional upgrades include remodeled bathrooms, dual-pane windows and sliding doors, updated lighting, central heating and air conditioning, and a direct-access two-car garage. Just minutes from The Village at Westfield Topanga, Topanga Social, premier shopping, dining, hiking trails, freeway access, and Malibu beaches, this exceptional home offers luxury, privacy, and spectacular views in one of Woodland Hills' most coveted neighborhoods. Resort Style Backyard with a Twilight Pool. South Of Ventura Blvd. Move-In Ready",4.0,3.0,,12399.0,pool;garage;balcony;patio;walk-in closet
1187614063,"Welcome to 7147 E Columbus Dr in Anaheim Hills! This spacious 4-bedroom home features 2 full bathrooms plus a conveniently located ¾ bathroom downstairs, offering approximately 3,217 sq ft of living space on a 7,500 sq ft lot. The home has been extensively updated throughout and features a very large upstairs bonus room offering additional flexible living space. The remodeled kitchen features custom white Shaker-style cabinetry, porcelain countertops and backsplash, a large waterfall island with seating, professional-style gas range, soft-close cabinetry, under-cabinet lighting, and abundant storage. A separate custom café/coffee bar with sink and a walk-in pantry provide additional functionality.

The first floor features luxury vinyl plank flooring, recessed lighting, updated finishes, and a custom media and fireplace wall. Upstairs, solid Acacia hardwood flooring extends throughout the second level. The spacious primary suite includes high ceilings, a private fireplace, balcony, and remodeled en-suite bathroom with a separate jetted soaking tub, glass-enclosed walk-in shower, and generous vanity and storage space.

The landscaped backyard was extensively renovated and offers large patio areas, a covered outdoor space, mature landscaping, custom masonry, garden areas, landscape lighting, and a built-in BBQ and cooking station. Additional features include two separate HVAC systems for independent climate control on each level, automatic 4-zone irrigation, smart thermostats, an attached 3-car garage with two Tesla EV charging stations, and a complete roof replacement in 2026.

Located in the Sunset Ridge community of Anaheim Hills, the home is conveniently situated near local parks and trails, Oak Canyon Nature Center, Yorba Regional Park, shopping, dining, and everyday conveniences throughout Anaheim Hills. Don’t miss the opportunity to make this extensively updated Anaheim Hills home your own!",4.0,2.0,,3217.0,garage;fireplace;balcony;patio;garden
1178434869,"This elegant single-family residence offers 4 spacious bedrooms and 2 well-appointed bathrooms, and is ideally situated in a serene, secure, and highly sought-after neighborhood. The home is enhanced by a stunning resort-style swimming pool and spa, creating a private oasis perfectly suited for both refined relaxation and sophisticated entertaining. A fully paid-off solar system provides exceptional energy efficiency and long-term savings, with no lease or financing obligations to assume. Complementing the home’s modern comfort is a brand-new HVAC system, only two years old, ensuring year-round climate control with optimal performance. Perfectly positioned for convenience and lifestyle ease, the property offers seamless access to major transportation corridors, upscale shopping destinations, fine dining, and a full range of everyday amenities—delivering both luxury living and everyday practicality in one exceptional offering.",,,,,swimming pool
1174426736,"Impeccably situated on over four acres in ultra-prime lower Bel Air, Villa Cresta stands as an unparalleled Tuscan estate blending majestic city and ocean views, sprawling idyllic grounds, and timeless architecture by renowned Marc Appleton, AIA. The journey begins at the stately front gates, where a dramatic waterfall welcomes guests as they proceed up a cypress-lined driveway, past a lush olive tree grove, to an expansive gravel motor court. Generous parking accommodates 25+ vehicles. Framed by two majestic cork oaks at the main entry, the home's grand spaces immediately showcase an extraordinary level of craftsmanship and detail. Serving as an impressive anchor for the residence, the main hallway is finished in exquisite Venetian plaster and leads to a capacious living room featuring a 16th-century stone mantel fireplace. This space connects seamlessly to a sophisticated library adorned in beautiful woodwork under blue and yellow glazed ceramic ceiling tiles; together, these principal rooms flow effortlessly out to a spectacular, long vaulted loggia, sprawling lawn, sparkling infinity-edge pool, and endless panoramas. The light-filled kitchen is rustic yet refined, complete with a large center island, ample storage, and a built-in breakfast nook with its own dedicated fireplace. Nearby, wood-beamed ceilings and an 18th-century stone mantel fireplace adorn the formal dining room, which comfortably accommodates large-scale dinner parties. For private quarters, the main level primary suite serves as the ultimate sanctuary, featuring dual bathrooms, exceptional closet space, an integrated home office, a private study, and a dedicated garden with sweeping city-to-ocean views and a hot tub. The main residence offers four additional well-appointed bedrooms, complemented by a separate, spacious detached guest house ideal for long-term visitors. On the versatile lower level, the estate features an exercise room, a generous space designated for a future state-of-the-art home theater, a transportive 1920's prohibition-style disco, and a wine cellar that offers both exceptional bottle storage and a dramatic setting for tastings, dinners, and intimate entertaining. Completing the estate's romantic, old-world charm, the private hillside vineyard actively produces Sangiovese grapes, offering an estate-grown vintage in one of Los Angeles' most exclusive enclaves. Truly a definitive legacy property, Villa Cresta awaits its next chapter.",,,,,pool;fireplace;garden
1152564153,"Price Reduced!  Charming, well-cared-for two-story home that checks all the right boxes. This 4-bedroom, 2-bath residence offers over 1,500 sq ft of bright, refinished hardwood and laminate flooring, and a recently remodeled kitchen featuring stainless steel appliances, custom cabinetry, and modern finishes. Both bathrooms have been tastefully updated, and the versatile downstairs area is perfect for a home office, gym, guest suite, or potential rental setup.  Large backyard and convenient location  Outside, enjoy a spacious lot with mature trees, an outdoor fireplace, ample off-street parking, and plenty of room to entertain, garden, or explore the possibility of adding an ADU. Recent upgradesincluding a newer roof, sewer lateral, sidewalk improvements, and fencingadd peace of mind and value. Conveniently located near BART, bus lines, I-580, Lake Merritt, and Highland Hospital, this home delivers comfort, accessibility, and future potential. Dont miss your chancehomes like this dont stay single for long.",4.0,2.0,,1500.0,fireplace;garden;gym
1190284365,"Set within the desirable Country Highlands community, this beautifully maintained home offers the perfect blend of comfort, style, and an exceptional Carmel Valley location. Featuring 3 bedrooms, 2.5 bathrooms, a versatile bonus loft, and thoughtfully designed living spaces, the home delivers a lifestyle defined by convenience, warmth, and effortless sophistication.  The light-filled interior welcomes you with an open floor plan that seamlessly connects the living and dining areas, creating an inviting setting for everyday living and entertaining alike. Designed with both functionality and comfort in mind, the home's spacious layout provides a natural flow from one space to the next. The private upstairs primary suite offers a peaceful escape, complete with an en-suite bathroom and a calming atmosphere for rest and relaxation. Two additional bedrooms comfortably accommodate family or guests, while the versatile bonus loft is ideal for a home office. Step outside to enjoy the private front patio, a welcoming spot to unwind with your morning coffee or relax at the end of the day.  Residents of Country Highlands enjoy access to an impressive collection of resort-style amenities, including a pool and spa, fitness center, clubhouse, playground, and beautifully landscaped grounds. Ideally positioned just minutes from premier shopping, dining, scenic parks and trails, award-winning schools, and everything Carmel Valley has to offer, this exceptional residence presents an outstanding opportunity to enjoy one of San Diego's most sought-after communities.",3.0,2.5,,,pool;patio
1178393169,"WOW! What a deal! Gorgeous, redone 1Bd/1Ba unit in Prime Sherman Oaks. New Kitchen, renovated bathroom and gorgeous finishes throughout. This is a fantastic opportunity. Walk to shops and restaurants on Ventura Blvd., and cross the street to Whole Foods. Corner unit with no neighbors on bedroom side and a nice patio with view of the hills. Don't miss this!",1.0,1.0,,,patio
1190968802,"Check out this three bed two bath home. There is a large living room with a fireplace and hardwood flooring. The eat in- kitchen was remodeled with quartz countertops. Garage has been converted into a living space. Laundry room is an individual room which leads to the backyard and garage space. Bring your gardening tools and create you own oasis for gardening and entertaining. Easy access to the 10 freeway, near Loma Linda University and hospitals.",,,,,garage;fireplace;laundry
1190107432,"Experience the rare opportunity to live along Pasadena's iconic 'Millionaire's Row,' where the world-famous Tournament of Roses Parade begins each New Year's Day. Situated on historic Orange Grove Boulevard, this exceptional residence offers an enviable setting just moments from Old Town Pasadena, the Norton Simon Museum, The Gamble House, and the renowned Rose Bowl. Owners also receive complimentary Tournament of Roses Parade tickets each year. Privately positioned at the rear of the highly sought-after Rose Tree 111 South community, this beautifully renovated, single-level corner residence offers refined interiors, exceptional privacy, and captivating landmark views. The spacious ground-floor layout is thoughtfully designed for effortless living and sophisticated entertaining, with abundant natural light and seamless indoor-outdoor flow. At the heart of the home, the designer kitchen makes a striking statement with dramatic waterfall natural-stone countertops, ample custom cabinetry, and premium built-in stainless-steel appliances. The kitchen flows seamlessly into the dining area and expansive living room, where built-in cabinetry and a stylish wet bar create an inviting setting for both intimate gatherings and larger entertaining. The private primary suite features a beautifully updated bathroom with dramatic stone countertops, a shower and soaking tub, a dressing room/closet, and direct access to the expansive patio. The secondary bathroom features a custom, frameless, glass-enclosed shower with a ceiling-mounted rain showerhead and handheld. One of the residence's most compelling features is its proximity to and view of the historic Richard H. Chambers U.S. Court of Appeals. Enjoy the views from the private patio, the living room through its expansive sliding glass doors, the primary bedroom, or the versatile office/guest room. Residents enjoy beautifully landscaped grounds and convenient access to a range of community amenities, including a sparkling pool, spa, recreation room, and barbecue area. Additional conveniences include elevator access to two side-by-side parking spaces with an EV charger, a private storage closet, and dedicated guest parking accessible from Grand Avenue and Green Street. An exceptional Pasadena residence offering the perfect blend of luxury, privacy, views, and convenience, set within one of the city's most prestigious and celebrated locations. Virtual staging is used.",,,,,pool;patio
1191013628,"Behind gates, mature hedges, and exceptional security, 460 S. Las Palmas Avenue is one of Hancock Park's most complete private resort estates a meticulously reimagined residence offering timeless architectural character, extraordinary entertaining spaces, and an array of modern enhancements rarely assembled in one property. A grand motor court surrounded by mature trees, sculpted landscaping, and tranquil fountains creates an immediate sense of privacy and arrival. Inside, the impressive foyer introduces richly appointed formal rooms, including a mahogany-clad dining room and an elegant living room distinguished by intricate ceiling moldings. Custom de Gournay and Gracie wall coverings, bespoke designer drapery, and carefully considered finishes lend refinement and individuality throughout. At the center of the home, an expansive designer kitchen opens seamlessly to an oversized family room, creating a warm and inviting setting for everyday living as well as large-scale entertaining. A porte-cochre provides convenient direct access to the kitchen, while a private home office offers a sophisticated environment for working from home. The expansive primary suite unfolds across four beautifully conceived rooms, including a luxurious bath and private terrace with sweeping views toward Downtown Los Angeles. Five additional bedroom suites provide generous accommodations, bringing the estate's total to six en-suite bedrooms and ten baths. Beyond the main residence, a remarkable approximately 1,800-square-foot poolside guest pavilion elevates the property into a true private compound. Designed for recreation, wellness, and extended stays, it features a cinema-scale theater, spacious home gym, cabana, and three baths. The resort-caliber grounds have been extensively enhanced with water-conscious sustainable turf, a remodeled pool and spa, a private mini-golf and putting experience, lush gardens, and a beautifully curated fruit and vegetable garden. An outdoor living terrace is anchored by a fireplace and a fully equipped entertaining kitchen with bar, grill station, and commercial wood-fired pizza ovenan exceptional setting for intimate dinners or grand celebrations. Further amenities include an integrated sound system throughout, enhanced interior and exterior security, a backup generator, two-car garage and parking for 8, and abundant gated driveway parking. Offered with its designer furnishings included in the sale price, 460 S. Las Palmas Avenue represents a rare turnkey opportunity: a private, secure, and fully realized luxury estate in the heart of Hancock Park's coveted Garden District.",,,,,pool;garage;fireplace;garden;gym
1174426740,"Beautifully updated first-floor condo in the highly desirable Willow Glen Place community. This spacious one-bedroom home offers a bright open-concept floor plan with high ceilings, abundant natural light, and elegant finishes throughout. The gourmet kitchen features granite slab countertops, stained wood cabinetry, stainless steel appliances, and ample storage, flowing seamlessly into the inviting living room with a cozy gas fireplace and French doors leading to a private patio overlooking the serene courtyard. The generously sized bedroom includes a walk-in closet and direct patio access through an additional set of French doors. Additional features include hardwood and laminate flooring, crown moulding, recessed lighting, dual pane windows, central heating and A/C, and inside laundry. Secure building with elevator access, underground gated parking, and private storage locker. Resort-style HOA amenities include a pool, spa, fitness center, clubhouse, outdoor fireplace, and beautifully maintained grounds. Prime location near Downtown Willow Glen, Campbell, The Pruneyard, shopping, dining, coffee shops, and major commute routes.",,,,,pool;fireplace;laundry;patio;walk-in closet
1188154321,"Stunning Single level condo in La Jolla. Low HOA fees. Villa Tuscana in La Jolla. West of Freeway 5. Nicely Remodeled end unit including Spacious private patio with Washer/Dryer, Central air mini-split system and custom gourmet kitchen with Center Island, Quartz Countertops, Glass tile backsplash and Stainless steel Appliances. One assigned parking. Nicely upgraded bathroom. Perfect for starter or investment.",,,,,patio
1158295340,"INCOME POTENTIAL! Short-term rent the main cabin and use the ADU as a separate residence, or explore long-term rental opportunities. Nestled on a quiet cul-de-sac in the highly sought-after Fox Farm neighborhood, this exceptional property offers outstanding versatility with TWO entirely independent, beautifully upgraded residences on a generous 9,284 sq. ft. lot. The main residence features 3 bedrooms and 2.5 bathrooms with a light-filled, open-concept floor plan, contemporary finishes, quartz countertops, a cozy gas fireplace, and a seamless layout designed for everyday living and entertaining. The backyard extends the living space outdoors with an expansive redwood deck, built-in BBQ, and heated jacuzzi. The fully detached, brand-new ADU offers approximately 1,000 sq. ft. with 2 bedrooms, 2.5 bathrooms, a full kitchen, and separate electric and gas meters. The additional residence provides flexible options for guests, a home office, personal use, or rental income, subject to applicable regulations. Located just minutes from the lake, Village, and year-round recreation, this Fox Farm property presents a rare opportunity to enjoy two independent residences with exceptional flexibility and income potential.",3.0,2.5,,9284.0,fireplace
1178736315,"Welcoming curb appeal beckons as you approach this immaculate two bedroom two bath home. Located in Solera by Del Webb, a gated premier 55+ Active community. The seller meticulously maintained this home. An open and inviting floor plan with spacious rooms and ample natural light. The kitchen offers the largest breakfast nook I've ever seen and a huge pantry. The kitchen, open to the living room offers an expansive granite counter perfectly suited to act as a serving island for your gatherings. Fully landscaped with attractive and (some delicious) plantings, flagstone pavers, DG and automatic sprinkler/drip system front and back.
Many upgrades! *TANKLESS WATER HEATER*FULLY FINISHED GARAGE*CROWN MOLDING*CEILING FANS*WALL MOUNT TV HOOKUPS*CUSTOM SECURITY SCREEN DOORS-FRONT AND BACK*CEILING FANS THROUGHOUT*NEW CARPET IN BEDROOMS*SLAB GRANITE COUNTERS*STAINLESS STEEL APPLIANCES*REMOTE CONTROL SHADES ON SOUTH WINDOWS IN LR*SEALED FIREPLACE INSERT*CLOSET ORGANIZER WITH SHOE/HANDBAG SHELVES IN PRIMARY CLOSET*LEMON TREE AND LIGHTED RAISED PLANTER BOXES*GATED COURTYARD*BLOCK WALL AND VINYL FENCING*FIRESPRINKLER SYSTEM*

HOA dues are $280 monthly; a vibrant gated community, offering a spa, indoor and outdoor pool, sports courts, tennis, bocci ball, pickle ball, meeting rooms, and fitness center, and community events.",,,280.0,,pool;garage;fireplace
1189694827,"Three-bedroom, two-bathroom home situated in one of the most sought-after areas of the High Desert, the Joshua Tree Village. The drive to the property sets the mood as you travel through boutique shopping, gourmet dining, and a hip neighborhood with stunning boulder mountains in the backdrop. Located just minutes from downtown Joshua Tree and a short drive to the world-famous Joshua Tree National Park, you couldn’t ask for a better location. 

Pulling up to the property, you will immediately notice the mature cacti and other desert flora welcoming you in. Stepping through the front door, you enter a spacious and open living area outfitted with today’s modern aesthetic. A vaulted ceiling, handpicked ceiling fan, and stylish wood laminate flooring are just a few of the features that tie this space together. The kitchen, designed with entertaining in mind, opens up to the living space, allowing you to prepare your favorite meals while still being part of the action. Featuring granite countertops, unique custom shelving, a white tile backsplash, stove, refrigerator, dishwasher, and microwave, you are all set to prepare your culinary delights! 

Each guest bedroom has plenty of space and individual closets. The full guest bathroom is outfitted with a vanity, custom mirror, custom wood shelving, a commode, and a full bathtub/shower combo. The large primary bedroom is a perfect place to retire at the end of the day and features a good-sized closet and a primary bathroom that includes a vanity, stylish mirror, custom shelving, and a full bathtub and shower! 

Stepping outside onto the private wood deck in your backyard, you find a wonderful outdoor living space perfect for barbecues, get-togethers, or the ideal spot to relax at the end of the day, admiring the stunning views and starry night skies only found in Joshua Tree! Additional features include HVAC for heating and air conditioning, a two-car garage, privacy fencing, and more! Don’t miss out—call today before it’s gone!",,,,,garage
1136301825,"Stunning Mountain Cabin Retreat! Escape to your dream home in the heart of the mountains. This beautiful home comes with the adjoining vacant lot to ensure your privacy. This beautifully decorated cabin offers a perfect blend of rustic charm and modern amenities, making it an ideal getaway or permanent residence. This spacious home offers 1400 sq ft of cozy living space designed for comfort and relaxation. **Breathtaking Views** Enjoy miles of stunning vistas and a lake view right from your very own patio, surrounded by nature's beauty. Experience the warmth of wood throughout the cabin, featuring a magnificent open beam ceiling that adds character and charm. Cook and entertain with ease in your upgraded kitchen with stainless steel appliances and ample storage space. Stay comfortable year round with ceiling fans throughout. **Nature Lover's Paradise** Perfect for bird watching and enjoying the serene surroundings, with plenty of trees and wildlife. The lowest level has a wonderful buildout that can be used as a workshop or for additional storage. Private parking to be enjoyed by you and your guests. Don't miss this opportunity to own a slice of paradise. Whether you're looking for a personal retreat or a rental investment this cabin has it all.",,,,1400.0,patio
1176581635,"Welcome to this inviting single-story home in Riverside’s desirable Orangecrest community, offering 3 bedrooms, 2 bathrooms and approximately 1,798 square feet of comfortable living space. Situated on a spacious corner lot near the end of a cul-de-sac, this home offers a setting that’s becoming increasingly hard to find. Step inside and you’re greeted by soaring ceilings, abundant natural light and a bright, open floor plan that immediately makes the home feel spacious and welcoming. Generously sized bedrooms provide plenty of room to unwind, while the flowing living areas make entertaining family and friends easy. Outside, the backyard offers room to relax, entertain, garden or create your own outdoor retreat. The corner-lot location adds to the home's sense of space and privacy. Located in the heart of Orangecrest and Riverside’s 92508 ZIP code, you’ll be close to neighborhood parks, recreation, shopping, restaurants and convenient commuter routes. If you’ve been searching for a single-story Orangecrest home with a great lot, spacious floor plan and prime Riverside location, 8395 Rosemary Drive is one you’ll want to experience in person.
Come see what makes this home—and Orangecrest—such a special place to call home.",3.0,2.0,,1798.0,garden
1176090055,"7301 Calle De Fuentes is a ground floor 1409 sq ft end unit on a quiet cul-de-sac in sought after Sea Point Tennis Club. This move-in ready condo has fresh interior paint, newer updated walk-in tiled primary bath shower, 5 newer quality windows and 2 newer slider doors plus a security-entry screen front door. Other special features of this lovely 2-bedroom, 2 bath home are: *Large primary bedroom with walk-in closet and 2 end unit windows allowing privacy and light. * Second primary bedroom has 3 mirrored closets. *Interior laundry with gas dryer and commercial grade washer. *Operating gas fireplace in living room. *Stainless steel kitchen appliances and large, light filled dining area adjacent to the kitchen. *Detached end unit 1 car garage steps away from condo plus assigned 1 assigned close parking space. *Extra bonus of 3 large private storage closets are adjacent to the condo. *Large community heated pool and spa within the cul-de-sac and minutes away. (2 pools, 2 spas and tennis courts give a resort lifestyle.)  7301 Calle De Fuentes, Carlsbad, CA is in Sea Point Tennis Club with 4 tennis courts, 2 swimming pools, and 3 spas. Enjoy resort-style living. It is minutes away from shopping, dining, entertainment and a short distance to Carlsbad beaches. Top rated school district. Minutes to Cadencia Park and Box Canyon. It is close to renowned Omni La Costa Resort and Spa with 2 golf courses. "" Discover this updated condo opportunity in a highly desirable setting.""",2.0,2.0,,1409.0,garage;fireplace;laundry;walk-in closet;swimming pools
1189525268,"Perched in the Claremont Hills between the Claremont Hotel and Grizzly Peak, this three-level home has been renovated from the inside out and nearly every bedroom opens to its own private balcony.  The main level opens to light. Level 5 smooth-finish walls, solid oak interior doors, new flooring throughout, and designer lighting create a calm, uncluttered backdrop. A Modern Flames linear fireplace anchors the living room, and glass doors open to an extended entertaining deck built for long evenings and canyon views.  The kitchen was built to be used: Neolith countertops, custom cabinetry, a Monogram 36-inch six-burner range, Miele dishwasher, and Zephyr microwave drawer, flowing directly to the dining area and out to the deck.  Bedrooms are generous and private, each with a spacious closet and its own balcony, a layout that gives every room its own pocket of quiet and its own slice of view. Bathrooms are all new, finished in large-format tile with contemporary vanities and fixtures.  Above it all, a finished loft with a private balcony and partial Bay views works as a studio, office, media room, or reading retreat.   Two-car garage. Approximately 8,370 square foot hillside parcel. Berkeley 94705 mailing address, City of Oakland jurisdiction.  The setting does the rest. Minutes to College Avenue and Rockridge for coffee, groceries, and BART; a short run over the hill to Orinda; quick access to Highway 24 and the Caldecott in either direction. Grizzly Peak Open Space and the East Bay ridge trails are just up the hill.  Renovation completed by a licensed California contractor. Inspection reports and full upgrade documentation available on request.",,,,,garage;fireplace;balcony
1189164317,"Opportunity awaits! This property is recored as a 4 bedroom 2 bath, It is currently configured as a spacious 3/2.
This 3-bedroom, 2-bathroom home is a fantastic fixer-upper with plenty of potential to create your dream home or add value as an investment property. Featuring a functional layout and generous living space, this property offers a great starting point for renovation and personalization. 
Bring your vision and creativity to transform this home with modern updates, stylish finishes, and your own personal touch. Whether you’re an investor, first-time buyer looking for a project, or someone searching for a home with upside potential, this property is worth a closer look.",4.0,2.0,,,
1158301193,"Discover a peaceful solar-powered retreat in Palos Verdes Sur, San Felipe, located within the sought-after El Dorado Ranch community on the Sea of Cortez. Priced at $145,000, this 2-bedroom, 2-bathroom home offers a unique blend of Baja tranquility, eco-conscious living, and access to lifestyle amenities in one of northern Baja’s most recognized master-planned communities...

Designed for buyers who value privacy, open skies, and a relaxed coastal-desert setting, this property combines comfortable indoor living with inviting outdoor space. Set on approximately half an acre, the property includes an approximately 1,200-square-foot home, outdoor porch, garden area, desert plants, cactus landscaping, and rooftop access ideal for taking in Baja’s star-filled skies.

The home features thick straw bale walls that help keep the interior cooler during warm summer months, creating a comfortable and efficient living environment. Inside, the layout includes a spacious living room with wood furniture, kitchen area with breakfast bar, 2 bedrooms, 2 bathrooms, a library or additional room, an indoor porch with bed, large closet areas, and bedroom suites with showers and sinks. Appliances include a refrigerator, stove, and microwave. The property also offers 2 parking spaces.

Outdoor features add to the appeal of this Baja retreat. Enjoy the outdoor porch, garden setting, beautiful backyard, large ramada, and RV trailer hookups for water and electricity. The peaceful neighborhood setting enhances the sense of privacy and quiet that makes this property so attractive.
One of the strongest advantages of this home is access to the El Dorado Ranch lifestyle in San Felipe, Mexico. Community amenities include a private beach, golf course, tennis courts, pickleball courts, swimming pool classes, music events, farmers market every Saturday, gated entry, community security, road maintenance, and trash service.

San Felipe, Mexico is known for its sunshine, desert beauty, and laid-back atmosphere along the Sea of Cortez. Days can be spent enjoying the beach, fishing, exploring off-road trails, or relaxing within this amenity-rich community. This home is well-suited for full-time living, retirement, a winter escape, or an affordable Baja getaway.

Enjoy a large lot, authentic Baja character, and resort-style community access. With desert landscaping, rooftop night views, and a spacious ramada, this home offers charm, functionality, and a peaceful lifestyle in San Felipe.",2.0,2.0,145000.0,,garden;swimming pool
1189266705,"Welcome home to Riverside! This charming 3-bedroom, 2-bathroom home offers a fantastic opportunity to own a property on a generous 7,405-square-foot lot, conveniently located just minutes from Downtown Riverside and the University of California, Riverside (UCR).
Step inside and discover a comfortable layout with plenty of potential to make this home your own. With three bedrooms and two full bathrooms, there is room for family, guests, a home office, or whatever fits your lifestyle.

One of the highlights of this property is the large lot, offering plenty of space for outdoor entertaining, gardening, play areas, additional parking, or creating your own private backyard retreat.
Location is everything! Enjoy easy access to the 91, 215, and 60 freeways, making commuting throughout Riverside and surrounding communities convenient. You'll also be close to UCR, Downtown Riverside, shopping, restaurants, schools, parks, and local amenities.

Whether you're a first-time buyer, growing family, this Riverside property is an opportunity you won't want to miss!

Come see the possibilities and make this Riverside home yours!",3.0,2.0,,,
1189375622,"Enjoy the ultimate beachfront lifestyle in prime Malibu area next to Pacific Palisades and Santa Monica. One of a kind beachfront property with 88 feet of frontage to make it a unique opportunity for a new owner to rebuild or build a dream home. The location of this property is ideal for those who enjoy the best of both worlds- a serene and private oasis that is just a short drive from the restaurants, shopping, and entertainment of downtown Santa Monica and Pacific Palisades.",,,,,
1191043447,"WHAT WE LOVE: The canyon lot gets your attention. Everything these owners did after moving in is what makes this one different. Tucked onto a quiet North Clairemont cul de sac, this single story home pairs a surprisingly large, private backyard with open canyon views and an interior that has been thoughtfully improved almost from end to end. The remodeled kitchen is the showpiece, with custom cabinetry, pullout pantry storage, stone counters, statement backsplash, floating shelves and warm metallic finishes that give the space some actual personality. Both bathrooms have been updated, including a beautifully finished primary bath, while wide plank LVP flooring and upgraded baseboards carry a clean, cohesive look throughout the home. And this was not just cosmetic. The owners added central heat and AC, replaced the windows, repainted the exterior, installed a newer garage door and fencing, and continued improving the home throughout their ownership. The primary bedroom opens directly to the backyard, where morning light comes across the canyon and the yard creates the kind of indoor outdoor extension that makes 1,006 square feet live considerably bigger than the number suggests. Out back, there is room to actually use the yard: grass, patio space, a substantial gazebo, canyon outlook and direct access from both the kitchen and primary bedroom. Add solar, an attached two car garage, a generous driveway and a central Clairemont location, and this is the increasingly hard to find combination of lot, location and a house where much of the expensive work has already been done.  WHAT WE LOVE (CONT...) There is something especially good about a smaller single story home when the square footage has been used well. Three bedrooms give you legitimate flexibility for family, guests or a home office without wasting space on oversized hallways and rooms you rarely use. The updates here were also accumulated over years of ownership rather than rushed together for resale. Central HVAC went in shortly after purchase, the windows followed, then flooring and baseboards, bathrooms, and most recently the kitchen and exterior improvements. It creates a home that feels current while still having some warmth and individuality. And then there is the setting. Jamestown ends in a quiet residential pocket of North Clairemont, while the canyon behind the home gives the backyard an openness you simply cannot manufacture later. Coffee outside in the morning, dogs running the yard, dinner under the gazebo, or just opening the primary slider and letting the light in. That backyard is not extra space. It is part of how this home lives.",,,,1006.0,garage;patio
1179125131,"Modern New Construction Condominiums in the Heart of Pasadena. Welcome to the exclusive collection of newly built contemporary residences ideally situated in one of Pasadena's most desirable neighborhoods. Designed with modern living in mind, these thoughtfully crafted homes feature open-concept floor plans, abundant natural light, premium finishes, and sophisticated architectural details throughout. Unit 104 offers spacious living areas, designer kitchens with quality cabinetry, quartz countertops, stainless steel appliances, luxurious primary suites and 2 assigned parking spots. Secured subterranean parking, elevator access, and extra storage provide both convenience and peace of mind. Located just blocks from the California Institute of Technology (Caltech) and Pasadena City College, the community offers exceptional walkability to South Lake Avenue's renowned shopping and dining, Old Pasadena, and the Metro A Line, with easy access to the 210 Freeway for commuting throughout the Greater Los Angeles area.Combining contemporary design, an unbeatable central location, and the vibrant Pasadena lifestyle, 176 N. Catalina Avenue presents a rare opportunity to own a brand-new luxury condominium in one of Southern California's most sought-after communities.",,,,,
1189229197,"Nicely updated and move-in ready, this charming 2-bedroom, 1-bath home offers an exciting blend of comfort, flexibility, and potential income opportunities. The main home features a spacious living room, inviting dining area, and an efficient kitchen with a separate laundry room and convenient access to the backyard. Situated on a generous 0.26-acre lot, the expansive, fully fenced backyard provides plenty of room to entertain, garden, or enjoy outdoor activities. A shed, carport, large covered RV/boat parking area, and side alley access add to the property's versatility and functionality. Adding even more potential is the converted single-car garage, currently set up as possible in-law quarters or additional living space. It includes a bathroom, along with existing gas and electrical connections ready for a future kitchen setup. Whether you need space for extended family, guests, a home office, or potential rental income, this flexible area can adapt to your needs. Conveniently located near Downtown, dining, shopping, and major highways, this property offers the space, accessibility, and versatility you've been looking for. With its updates, oversized lot, RV/boat parking, and additional living potential, this is a unique opportunity you won't want to miss!",2.0,1.0,,,garage;laundry;garden
1177009509,"Move in and enjoy this lovely home in the highly sought-after Phase 3 of Sun City Shadow Hills (55+ community) with stunning mountain and sunset views. The popular Hideaway floor plan offers 1,512 sq ft with 2 bedrooms, 2 baths plus a den -- thoughtfully designed living with a large open kitchen flowing into a great room and dining area. Highlights include crown molding, wood plantation shutters, engineered flooring (wood look without the upkeep), ceiling fans, and generous indoor/outdoor living spaces. Comfortable, stylish, and low-maintenance--this home is ready for you to relax and enjoy desert living. Schedule a showing today and experience the best of Sun City Shadow Hills.",2.0,2.0,,1512.0,
1177085107,"Experience elevated urban living in one of City Place's most sought-after locations. Designed by acclaimed architect, this distinctive three-story loft combines contemporary architecture, upscale finishes, and the flexibility of true mixed-use living. With commercial zoning on the ground floor and residential living above, it has a unique opportunity for entrepreneurs, creatives, or anyone seeking a live/work lifestyle. The home is just steps from popular restaurants, shopping, and entertainment, placing the best of Orange County within easy reach.Every space has been thoughtfully curated with premium materials and custom craftsmanship. Built-in cabinetry, Venetian plaster walls, designer lighting, and high-end finishes create a refined yet inviting atmosphere throughout.The first level includes a versatile commercial or residential bedroom, bathroom with a shower, and direct access to the attached two-car garage. The second floor is designed for entertaining, featuring an expansive open-concept living area with soaring ceilings, a dramatic roll-up glass door that opens to a spacious private balcony, and a chef-inspired kitchen equipped with marble countertops, stainless steel appliances, abundant custom cabinetry, and generous dining and living areas. A guest powder room and a full laundry room complete this level. The entire third floor is dedicated to a luxurious primary retreat, dual vanities, and a peaceful setting to unwind. Blending sophisticated design, exceptional craftsmanship, and an unbeatable location, this rare mixed-use loft presents a remarkable opportunity to own one of the signature residences within the City Place community.",,,,,garage;laundry;balcony
1189926504,"Live the iconic Hollywood lifestyle in this beautifully updated 1BD/1BA condo offering 743 SF in a prime location. Wake up to palm-lined Camino Palmero views, enjoy morning light filling the space, hike at Runyon Canyon Park, and spend evenings just moments from Hollywood Walk of Fame, TCL Chinese Theatre, The Magic Castle, and Yamashiro Hollywood. This bright and inviting unit features freshly painted interiors, sleek sealed concrete floors, and a new living room window with abundant natural light. The kitchen includes upgraded appliances, including a Samsung refrigerator, newer dishwasher, and under-sink water filtration system. Brand-new AC unit with ultraviolet air purification for added comfort. Rare two facing parking spaces plus no unit below. Community amenities include pool, spa, sauna, conference room and bike storage. Conveniently located near Metro and Wattles Mansion and Gardens. Move-in ready and perfectly positioned to enjoy the best of Hollywood living.",1.0,1.0,,,pool
1190539503,"Take advantage of a $50,000 seller credit, which could be applied toward private elementary school tuition. Welcome to 969 Franquette Avenue, a custom-built 2021 Willow Glen residence offering modern elegance and versatility. Situated on an expansive 11,440 sq ft lot, this approximately 4394 sqft. home features soaring ceilings, abundant natural light, and refined finishes throughout. The thoughtfully designed floor plan offers effortless living and entertaining, with spacious living and dining areas opening to a chefs kitchen featuring premium appliances, custom cabinetry, and a large center island. Four upstairs bedrooms provide comfort and privacy, while a dedicated downstairs office adds flexibility for work or guests. The main home includes 4.5 beautifully appointed bathrooms. A permitted approximately 671 sq. ft. ADU with two bedrooms and one bathroom expands options for multigenerational living, guests, a private office. The large backyard offers a private setting for outdoor gatherings and future customization. Ideally located near Downtown Willow Glen, parks, shopping, dining, and commuter routes, this rare property combines newer construction, an oversized lot, a versatile ADU, and a desirable location for the ultimate blend of luxury and convenience.",,,50000.0,4394.0,
1179227144,"This home is on sale with over $50,000 in buyer's incentives, Set on a New Cul De Sac, on Melrose Way off of South Melrose. New Construction with exceptional backyard and outdoor living spaces - Move in Ready. Welcome to South Vista’s newest luxury enclave—an exclusive release of just nine homes in Phase One. Ideally located steps from Breeze Hill Elementary, this intimate community blends modern comfort with thoughtful design in one of Vista’s most desirable neighborhoods. These stunning two-story homes feature 4 spacious bedrooms and 3 full bathrooms plus a powder room, including a ground-level guest suite perfect for multigenerational living or visiting guests. Bright, open-concept living showcases quartz countertops, custom-tiled showers, luxury vinyl plank flooring, gourmet kitchen, with center island, premium Bosch appliance package with a range, dishwasher, 36-inch refrigerator, and microwave. Classic tile roofs and refined designer finishes elevate the style throughout. Each homesite offers large private backyards ideal for outdoor living—with ample room to add a swimming pool, garden, or expanded entertainment area. Additional highlights include 2-car garages, a private street, and a base solar system included for energy efficiency. With limited availability in this premier location, these homes offer the perfect blend of luxury, convenience, and value in the heart of South Vista. Secure one of the first releases today. Use 1205 Melrose Way as the new project gps address.  Large backyards. Full Fit and Finish Warranty, Bosch appliances. New Street off of Melrose Way, gps 1205 Melrose Way for directions.",,3.0,50000.0,,garden;swimming pool
1169797422,"Newly renovated and turnkey, this 3-bedroom, 2-bath home features a spacious open floor plan with numerous upgrades throughout. Situated in a quiet rural neighborhood, it offers the perfect blend of tranquility and convenience. Within walking distance to schools, a public park, museums, restaurants, and shopping, this unique home is ideally located for everyday living. Ready for immediate move-in, it’s an excellent opportunity to settle into your forever home. Don’t miss out, schedule a viewing today.",3.0,2.0,,,
1176864181,"Enjoy comfortable desert living with mountain views, mature shade trees, and a spacious layout in this inviting Yucca Valley home. The living room is highlighted by a striking floor-to-ceiling stone fireplace, creating a warm focal point for gatherings, while the adjoining dining area and kitchen provide an open flow for everyday living.

An enclosed sunroom offers versatile bonus space ideal for relaxing, entertaining, a home office, hobby room, or fitness area. Step outside to a covered patio and expansive deck where you can enjoy the surrounding mountain views and peaceful desert setting. The fenced backyard provides room to create your own outdoor retreat, complete with a storage shed and plenty of space to make it your own.

Conveniently located near shopping, dining, schools, and just a short drive from Joshua Tree National Park, this property offers comfort, flexibility, and the opportunity to enjoy everything the Hi-Desert has to offer.",,,,,fireplace;patio
1172053335,"Rare opportunity to own one of the largest and most unique townhomes in Harbor City! Built in 2019 and offering an impressive 2,451 square feet of living space, this move-in ready 4-bedroom, 4-bathroom home is located in The Villas at Harbor Pointe and stands out as a detached residence with no shared walls.

Designed for modern living, this three-story home features paid solar, dual-zone HVAC, and a thoughtful floor plan. The first floor includes a private junior suite with a full bathroom, ideal for guests, a home office, gym, or media room. The second floor showcases an outstanding open-concept layout filled with natural light, seamlessly connecting the living, dining, and kitchen areas. The stylish kitchen features white cabinetry, a large center island, and ample storage, creating the perfect space for both everyday living and entertaining. On the third floor, the spacious primary suite offers a spa-like bathroom with a separate shower, dual vanities, and a walk-in closet. Two additional bedrooms provide flexibility for family members, guests, or work-from-home needs. For added convenience, the laundry area with washer and dryer is also located on the third floor.

Residents of The Villas at Harbor Pointe enjoy the benefits of a gated community with beautifully maintained green spaces and a playground for the whole family to enjoy.

Ideally situated in Harbor City, this home is just moments from neighboring Lomita, where new restaurants, cafes, and local businesses continue to thrive. Enjoy easy access to Costco, Home Depot, shopping, dining, and everyday conveniences, along with quick connections to the 110 Freeway for an easy commute throughout the South Bay and beyond.",4.0,4.0,,2451.0,laundry;gym;walk-in closet
1182402302,"Brand new, energy-efficient home available by Sep 2026! Radiant design package. This impressive 5-bedroom home offer a beautiful first floor bedroom suite and flex space plus versatile loft upstairs. The large backyard is the perfect setting for entertaining. Priced from the $600,000s, our energy-efficient, move-in ready homes include a washer, dryer, fridge, and whole home blinds, plus they can be closing-ready in 60 days or less–guaranteed. Have it all: Life in this amenity-rich neighborhood is complete with multiple pools, a fitness center, parks, dog parks and more, all with easy access to San Bernardino, Riverside, and Palm Springs.  Each of our homes is built with innovative, energy-efficient features designed to help you enjoy more savings, better health, real comfort and peace of mind.",5.0,,600.0,,pools
1183276341,"Welcome to 30954 Fredalba Road, a truly special mountain retreat and one of those rare properties that photographs simply cannot do justice. Set on nearly an acre among the towering trees of Running Springs, this distinctive home offers an incredible combination of space, privacy, character and versatility.

From the moment you arrive through the gated entrance, you know you've found something special. The expansive grounds offer abundant parking with room for an RV, recreational vehicles and all the toys that come with mountain living, while the peaceful natural surroundings create the feeling of your own private escape.

Built in 2006, the home offers approximately 2,472 sq. ft. with 3 bedrooms and 3 baths. Inside, soaring wood-clad ceilings, dramatic windows, warm log-style finishes and inviting gathering spaces create an authentic mountain atmosphere. The spacious kitchen opens to the heart of the home, while multiple decks and outdoor areas invite you to relax, entertain and take in the surrounding scenery. A game area, generous garage and flexible spaces provide plenty of room for guests and weekend adventures. Best of all, the home is offered fully furnished, making it easy to settle in and begin enjoying the mountain lifestyle from day one.

Adding to the property's unique appeal is its private water well, another feature that complements the space, privacy and character of this mountain retreat.

Whether you're searching for a full-time mountain residence, a weekend retreat or a special place to gather and create memories for years to come, opportunities like this don't come along often.

Come walk the property, take in the surroundings and experience it for yourself. 30954 Fredalba Road may just be the mountain retreat you've been waiting for.",3.0,3.0,,2472.0,garage
1128339329,"Exceptional custom built 4 bedroom, 3 bath home in the coveted Skyland area of Crestline with stunning panoramic valley, city lights and sunset views and features that truly set it apart. Perched where birds and hang gliders soar giving a daily back-drop of natural beauty. With level entry into the home and a thoughtfully designed floor plan with two bedrooms and a full bath on the main level—perfect for guests or multi-generational living. You'll find not one, but two spacious primary ensuites, each on its own level for ultimate privacy and comfort. Each suite is accompanied by its own dedicated laundry area, with one conveniently located just outside the main master and the other next to the second suite. The interior showcases warm tongue and groove vaulted ceilings, rich wood and tile flooring, and two cozy fireplaces—one in the inviting living room and another in the lower-level primary suite. Enjoy cooking in the stylish kitchen with stainless steel appliances or relax and unwind on two expansive entertaining decks perfectly positioned to take in the jaw-dropping views. Additional amenities include central A/C, a two-car garage, tons of storage, and an extra-large build-up area—ideal for future expansion or a home workshop. Situated on a county-paved, snow-plowed, and maintained road, this home offers a serene mountain lifestyle with excellent commuter access. Don’t miss this rare opportunity to own a truly special property with some of the most stunning views in the San Bernardino Mountains. Whether you're seeking a full-time residence or a peaceful second home, this one checks all the boxes—and then some.",4.0,3.0,,,garage;laundry
1191014711,"Completely reimagined, taken down to the studs, and desgned by a West Hollywood designer, this exceptional 2 bedroom, 2 bath residence located in the gated community of the Deauville, offers sophisticated contemporary style in one of downtown Palm Springs most desirable locations. One of only four of the larger two bedroom floor plans with no steps, the home features an open, light filled layout, luxury vinyl plank flooring, and thoughtfully selected finishes throughout. The beautifully designed kitchen is both stylish and functional, with quartz countertops, stainless steel appliances, ample counterspace, and a charming breakfast nook, located just off the kitchen. The spacious living and dining areas flow seamlessly to the large front patio, which extends the living space even more, where gorgeous mountain views are reflected in the water. Both bathrooms have been completely transformed with contemporary finishes and large walk in showers, which feature exquisite porcelain tile, watefall shower heads,handheld showerheads, and custom recessed shampoo shelves. The primary bathroom was extended and features an expanded, oversized shower with bench for added convenience. The generous primary suite opens to a private patio offering easy access to one of the community's quieter pools and spas- ideal for enjoying a peaceful morning swim or relaxing at the end of the day. Originally the model home, this residence has had just one owner, and has been used only approximately two weeks per year. Convenience is another standout feature, with easy access to three different parking areas, including secure underground parking. The Deauville offers the quintessential Palm Springs lifestyle in an incredible downtown location. It is just moments from the casino, downtown, acclaimed dining, shopping and entertainment. The Deauville offers a resort style lifestyle with two full size lighted tennis courts, three sparkling pools and spas, a clubhouse, and a fitness center. Private, architectural and modern, this sleek Palm Springs retreat delivers exceptional design, effortless living and an unbeatable location. This rare larger floor plan with no step access, complete designer renovation, beautiful mountain views and exceptional location, create a unique opportunity to own a truly move in ready Palm Springs retreat.",2.0,2.0,,,pools;patio
1190929785,"Welcome to Canopy at Parkview, a KB Home community in Fontana. This two-story home features 9-ft. ceilings and an open floor plan designed for modern living. The kitchen offers cloud cabinets, quartz countertops with a 6-inch backsplash, and a spacious island. Additional highlights include energy star certified appliances, recessed lighting and a dual-sink vanity in the primary bathroom and loft upstairs. Upgraded Vinyl Plank flooring throughout downstairs and upgraded carpet on stairs and bedrooms. Community amenities include a pool, passive parks, walking trails and gated community. Conveniently located near schools, shopping centers, grocery stores, Ontario International Airport and with easy access to major freeways.
 
Photo is a rendering of the model!  Buyer can purchase or lease the solar!",,,,,pool
1179129101,Fully remodeled turnkey 2 Bedroom 1 Bath home. All new appliances and fixtures. Laundry room near the kitchen. Patio with summer breezes and lemon trees.,2.0,1.0,,,laundry;patio
1183246965,"Beautiful  like new modern style single family house located in a very quiet and established neighborhood. newly remodeled, Brand New kitchen with quartz counter top, beautiful white cabinet, new tile floor , Totally brand new bathroom in master bedroom ,4 brand new mini split heat pump with heating and cooling function, new SPC hard wood floor whole house. beautiful crystal light, New paint inside and outside of the house.",,,,,
1191009260,"In Glassell Park, perched on a terraced hillside lot, this 1956 modern hillside home offers a rare blend of mid-century character and effortless indoor/outdoor living. A wonderful opportunity for buyers seeking mid-century character, indoor/outdoor flow, and a home with real architectural integrity in one of LA's most sought-after creative corridors.

Thoughtfully maintained by its owners for the last 21 years, the home retains original architectural elements and custom built-ins that speak to its era. This home is a genuine time capsule for buyers who appreciate authentic design over gut renovations.

The single-level layout makes the most of its hillside setting, opening onto a refreshed deck with sweeping city and hillside views, perfect for morning coffee or evening entertaining. Front landscaping from the Theodore Payne Foundation frames the property, while a flat grass area adds rare usable outdoor space in this hillside pocket, perfect for gardening, pets, kids, or simply extending the living space outward. Lush mature landscaping throughout the backyard makes you forget you're in the heart of a thriving NELA neighborhood. 

Highland Park's York and Figueroa shops and restaurants, Glendale's Americana, Downtown's art and food scene, and all that Atwater Village and Eagle Rock have to offer are all within easy reach. This home offers the best of Northeast LA's design-forward, community-oriented lifestyle with all the peace and privacy of a suburban neighborhood.

Systems include central heat and air, garage and EV-charging-ready off-street parking. Newer water heater, HVAC, and W/D with Viking kitchen appliances.",,,,,garage
1185977234,"Welcome to 4004 Browning Drive, a beautifully updated luxury home tucked into one of Concord’s most desirable neighborhoods, just moments from Lime Ridge Open Space. Set on an expansive lot with incredible hillside views, this 5-bedroom, 4-bath residence offers approximately 3,625 square feet of thoughtfully designed living space and an exceptional indoor-outdoor lifestyle. From the moment you enter, soaring ceilings, abundant natural light, and expansive living spaces create an immediate sense of scale. The home has been beautifully refreshed with all new appliances, modern finishes, and inviting spaces designed for both everyday living and entertaining. The floor plan offers an incredible combination of openness and functionality, with multiple living areas, generous bedrooms, and seamless access to the outdoors. Step outside to a private backyard setting surrounded by beautiful views, complete with a pool and spa and plenty of space to entertain, relax, and enjoy the natural surroundings. With its large lot, dramatic ceilings, beautiful views, updated interior, and premier location near Lime Ridge trails and open space, 4004 Browning Drive is a rare opportunity to own a true luxury home in one of Concord’s most sought-after neighborhoods.",5.0,4.0,,3625.0,pool
1190335399,"Welcome to 998 Branham Lane, a spacious 3-bedroom, 2-bathroom home offering approximately 1,506 square feet of thoughtfully designed living space in a convenient San Jose location near shopping, dining, everyday amenities, & major commuter routes. The versatile floor plan features separate living & family rooms, providing added privacy & flexible spaces for relaxing, entertaining, working from home, or giving family members room to spread out. The kitchen offers counter seating & connects naturally with the adjoining living space, while sliding glass doors open to the backyard, where two distinct outdoor areas provide flexibility for dining, lounging, entertaining, play, or future landscaping. The fenced front yard adds privacy & usable outdoor space, making it especially appealing for families with young children. The primary suite features an expanded and renovated bathroom, while the updated garage includes finished drywall walls & 240V outlet suitable for EV charging. Additional upgrades include 200-amp electrical service, copper supply plumbing throughout, & newer furnace and central AC system installed in 2023. With multiple indoor & outdoor living spaces, meaningful system upgrades, & a functional layout, 998 Branham Lane offers comfort, versatility, & everyday livability",3.0,2.0,,1506.0,garage
1189497034,"Stylish remodel in desirable Paradise Hills.  Move-in ready 3-bedroom, 2-bath home that seamlessly blends modern upgrades with timeless charm.  Professionally refinished kitchen cabinets, sleek countertops, and contemporary finishes.  Renovations include bathroom vanities, fixtures and custom shower.  Updated lighting, flooring, and energy-efficient windows. The spacious backyard offers the perfect setting for entertaining, relaxing, or cultivating your own garden.  Designed for today's lifestyle, this home combines comfort, style, and functionality.  Don't miss the opportunity to make this tastefully upgraded home yours!",3.0,2.0,,,garden
1182375584,"OPEN HOUSE SUNDAY 9/20/26 12PM–3PM.....Welcome to 16970 Lurelane Street, a beautifully appointed 4-bedroom, 2.5-bath home offering comfort, style, and the perfect setting for Southern California living!

Step inside to a warm and inviting interior featuring a thoughtfully updated kitchen with quartz countertops, beautifully updated bathrooms, and a functional floor plan designed for both everyday living and entertaining.

The true highlight awaits outdoors—your own private backyard retreat featuring a sparkling in-ground pool and spa! Whether you're enjoying a quiet evening in the jacuzzi, cooling off on a warm summer day, or entertaining family and friends beneath the covered patio, this backyard was made for relaxation and memorable gatherings.

French doors enhance the indoor/outdoor flow, while the attached 2-car garage provides additional convenience and storage.

Ideally situated in an established Fontana neighborhood, this home combines approximately 1,415 square feet of living space, four bedrooms, desirable upgrades, and a resort-inspired backyard into one inviting package.

Move-in ready and made to enjoy—come experience the lifestyle this beautiful pool home has to offer!",4.0,2.5,,1415.0,pool;garage;patio
1169196858,"Versatile 2.85-acre property with two homes offering exceptional potential for residential living, commercial business use, investment income, or a live/work lifestyle. Ideally located within the Jamestown Historic Preservation District.      Built in 2023, the two Donovan Street homes combine modern improvements with flexible M-U:D:H:MX zoning that allows for residential, commercial, entertainment, and mixed-use possibilities.   The beautifully updated main residence at 10269 Donovan has approximately 1,512 square feet in an inviting open layout with modern finishes including solid surface countertops, a spacious kitchen island, vinyl flooring, double-pane windows, central heat and air, and two primary-style bedroom suites designed for comfort and flexibility. Two storage sheds, generous parking, two residential driveways and expansive outdoor space with room to expand or customize for your vision.   Both homes are located on one huge lot.  The second residence at 10267 Donovan has over 800 square feet, with two additional bedrooms, professional grade appliances and expansive garden area.  A commercial width driveway is gated for security. New gate design has been approved by the county for installation after the Jamestown Beautification Project road and sidewalk when improvements are completed.   For additional security, a whole-house generator provides power to both homes when the electricity goes out.     Whether you envision a private retreat, boutique hospitality concept, wine country getaway, office/studio space, or income-producing property, this unique parcel offers endless possibilities.  Positioned just a short stroll from Main Street Jamestown, the location places you near popular restaurants, shopping, wine tasting rooms, hotels, and local attractions including Railtown 1897 State Historic Park. The corner lot setting, downtown views, and high-visibility location further enhance the property's appeal for entrepreneurs, investors, or buyers seeking a distinctive foothill property with commercial upside. Rarely does a property offer this combination of modern construction, flexible zoning, walkable historic charm, and expansive acreage in one of Tuolumne County's most beloved Gold Country communities. 10269 Donovan Street is ready to bring your vision to life. Views:  Downtown",,,,1512.0,garden
1189484784,"Victorian Farmhouse with high ceilings, great light, and private location set back from the street. This charming one-bedroom, one-bath North Berkeley home offers a surprising sense of privacy and tranquility in the middle of one of Berkeley’s most walkable/bikeable neighborhoods. This home is a cosmetic fixer with character! Most of the hard work has been done: newer foundation, seismic work and deck. This is your opportunity to make it your own. The kitchen opens to a new deck (2026), large enough for entertaining, plus you have your own private backyard just waiting for the gardener in you. Off-street parking and, for additional storage, there is a detached shed.   The perfect neighborhood for those who want to be connected, with a 95 Walk Score® (Walker’s Paradise) and 97 Bike Score™ (Biker’s Paradise); everyday errands can easily be done without a car. Andronico’s is nearby for grocery shopping, along with the shops, cafés, and restaurants of the Gourmet Ghetto, while Downtown Berkeley and BART are just minutes away. Private, peaceful, walkable, and full of potential — a tucked-away North Berkeley home ready for its next chapter.",,,,,
1182380654,"Olivewood by Taylor Morrison - A resort style gated, master-planned single family home development surrounded by beautiful foothills. This gorgeous home offers formal living room upgraded flooring, large windows, a bright open-concept floor plan and a spacious kitchen with a large center island, custom cabinetry, and stainless-steel appliances. Upstairs bedrooms offer beautiful scenic views, and owned solar panels. 

Olivewood community Features an Olympic-size pool, children's pool, and splash pad, Bocce Ball Court, BBQ Areas, Fire pits and many shaded sitting areas. Winding walking paths connect four neighborhood parks and an intimate local olive grove.",,,,,pool
1175147646,"EXTENSIVELY UPDATED CRAFTSMAN IN NAGLEE PARK | Meticulously remodeled to merge authentic character with cutting-edge luxury, this Naglee Park Craftsman embraces indoor-outdoor California living to the fullest. Brilliant interiors with wraparound leafy views showcase gathering areas designed for both intimate entertaining and large-scale enjoyment. The spacious island kitchen is glamorous with JennAir appliances, quartz countertops, and a premium HydroTap. Two sets of French doors connect the great room to the deck and flagstone patio with retractable awnings, hot tub, and firepit, perfect for alfresco living. Two ensuite bedrooms include the expansive primary suite with private patio and spa bath. The home theater boasts custom Bowers & Wilkins 5.2.4 Dolby Atmos surround sound. Dual work stations and a Murphy bed optimize the offices functionality. Enjoy multi-zoned Nest climate control, sleek bath remodels, instant hot water, engineered hardwood floors, Andersen windows, extensive custom storage, a detached garage with gated drive, and much, much more. Moments from downtown dining and entertainment. Stroll to William Street Park and Coyote Creek Trail!",,,,,garage;hardwood floors;patio
1174388292,"Most Affordable Unit in the Hayward Hills! Own this home with 0% down financing available for qualified buyers! Ready to move in, this beautifully remodeled condo in the desirable Hayward Hills offers a peaceful third-floor location with convenient elevator access. The bright and inviting interior features newer laminate flooring, abundant natural light, and a comfortable, functional layout. The updated kitchen showcases sleek solid-surface countertops and newer appliances, while a spacious closet provides excellent storage. Step onto your private balcony overlooking the greenbeltperfect for relaxing and enjoying the tranquil surroundings. The home also includes two assigned covered parking spaces, a rare and valuable convenience. Ideally located near downtown Hayward, BART, California State University, East Bay, shopping, dining, schools, and major commute routes including Highway 92 and I-880, this home offers the perfect combination of comfort, convenience, and affordability. Don't miss your chance to own one of the most affordable homes in the Hayward Hillsan excellent opportunity for first-time buyers, commuters, or investors!",,,,,balcony
1183701739,"PRICE REDUCED! Welcome to 537 Alfarata Blvd, a wonderful opportunity to own a beautifully situated home in one of Merced’s desirable established neighborhoods. Homes in this area don’t come on the market often, making this a property you won’t want to overlook. This inviting home offers an abundance of natural light, vaulted ceilings, neutral tile flooring, and warm wood cabinetry. The stucco exterior adds to the home’s attractive curb appeal, while the extended concrete provides additional parking space for family, guests, or recreational vehicles. Enjoy a convenient location near Pioneer Elementary School, with Weaver Middle School and Golden Valley High School within walking distance. The home is also conveniently located near Highway 99 and the new Campus Parkway Expressway, providing easy access to surrounding areas, shopping, dining, and everyday amenities. With its desirable location, comfortable interior, and hard-to-find availability in this neighborhood, 537 Alfarata Blvd is an opportunity worth seeing in person. Come discover why this area is so sought after and make this home your own!",,,,,
1180587195,"Beautifully remodeled and truly turnkey, this spacious corner residence offers approximately 1,869 sq ft with 3 bedrooms and 3 bathrooms in the desirable Hancock Park Wilshire neighborhood. The home has been completely updated throughout, including the kitchen, bathrooms, flooring, fixtures, and finishes, creating a fresh, modern, move in ready living space. The bright living room features a fireplace and opens to a large south facing enclosed balcony, providing an inviting area for relaxation or entertaining. The newly remodeled kitchen showcases white cabinetry, abundant storage, elegant stone countertops and backsplash, a deep sink, and modern stainless steel appliances. All three bathrooms have been fully remodeled with contemporary finishes, including a freestanding soaking tub, upgraded tilework, and modern fixtures. The spacious bedrooms offer generous closet space and comfortable layouts. Additional features include secured entry, community pool, jacuzzi, fitness room, side by side parking, and a large private storage room in the garage. Located within the Third Street Elementary School District and close to restaurants, shopping, and cultural attractions, this exceptional residence offers convenience and lifestyle in one of the area's most sought after communities. Completely remodeled throughout and truly turnkey,  is ready for its new owner to move in and enjoy.",3.0,3.0,,1869.0,pool;garage;fireplace;balcony
1171599483,"If you are looking for a absolute privacy, 28981 Desert Charm Rd delivers. Tucked away from the hustle and bustle of the growing Coachella Valley, this property is situated in the peaceful desert retreat of Indio Hills, a scenic neighborhood where nearby homes are undergoing exciting expansions and upgrades. Set against a backdrop of sweeping, unobstructed mountain views, this sprawling 4.76 acre property offers a rare level of seclusion where you can experience the tranquility of having the desert to yourself. The true value of this property lies in its large acreage, phenomenal views, and the absolute quiet it provides. The grounds already feature a large front driveway pad and generous parking, offering a functional foundation for future builds. With nearly five acres of flat, usable land, the possibilities are vast: you can capitalize on the areas growing popularity. Ideally located, the site offers immediate to local hiking trails and outdoor recreation , with the iconic Joshua Tree National Park just a short drive away. It provides the ultimate serenity of private sanctuary while remaining conveniently close to shopping and amenities of the Coachella Valley. This presents an outstanding opportunity for investors or homeowners ready to bring their vision to life. Please contact me today for more information or to schedule a showing.",,,,,
1176313960,"With just 200 units spread over 35 acres, Mountain View Villas is known for its expansive greenbelts and lush desert serenity. The community is located in Rancho Mirage and is central to all of the fabulous enjoyment and entertainment the Coachella Valley has to offer. This unit is mostly original, but it has been well cared for and is move-in-ready for someone who wants to do updates while they live in the home, or the perfect purchase for someone who wants to give it a full refresh from the start. Both sliders to the back patio have been replaced with modern, dual-pain sliding doors. This is also one of the few two-bedroom end units, giving it much more natural light to fill the home, and a connected private back patio that leads to two covered parking spaces. Residents of Mountain View Villas enjoy five swimming pools, four spas, and seven tennis and pickleball courts, and the community is located just minutes from some of the area's best golf courses, shopping, and restaurants. There is a well-maintained HOA, giving you the freedom to come enjoy the desert worry free and project free, and enjoy the comfort and security of a gated community.",,,,,patio;swimming pools
1190447104,"Set in the upper foothills of La Canada, this beautifully remodeled 2-story home combines contemporary updates, generous living spaces & an inviting poolside setting. A modern frosted-glass front door opens to a welcoming entry with wood-look flooring that continues throughout the main living areas. Just off the entry is a versatile guest suite or private office complete with its own fireplace, ensuite bath & sliding door opening directly to the pool & spa. The formal living room is bright & inviting with a fireplace, custom built-ins, crown molding, recessed lighting & a large picture window overlooking the pool. The adjoining dining room continues the open flow, with sliding glass doors connecting the interior to the patio, gardens & the gated pool area. At the heart of the home, the remodeled kitchen opens seamlessly to the family room. Sleek dark stone countertops, a waterfall-edge peninsula with breakfast bar seating, custom tile backsplash & abundant cabinetry create a stylish, functional workspace. Stainless steel appliances include an electric cooktop, wall oven, warming drawer & microwave, while pendant lighting adds a modern finishing touch. The family room features a built-in desk area with coordinating finishes & sliding doors opening to the backyard. Designed for So Cal living, the outdoor spaces offer multiple areas to relax & entertain. A paver patio with a dedicated natural gas line for barbecuing is surrounded by raised planter beds & citrus trees, while the gated pool & spa provide a private retreat with a lounging deck. A dedicated laundry room with a utility sink, cabinetry & a stone counter provides direct access to the finished 2-car garage, complete with epoxy flooring, built-in cabinetry, workbench & organized tool storage. Upstairs, 3 bedrooms open to an expansive partially covered balcony/deck stretching across the rear of the home & overlooking the backyard. Two secondary bedrooms offer generous closet space & share a hallway bath with a dual-sink vanity & a separate tub/shower. The primary suite enjoys its own access to the balcony, a wall of closets & a remodeled ensuite bath featuring dual sinks with stone countertops & a glass-enclosed shower with bench seating & custom tile up to the ceiling. With remodeled interiors, flexible living spaces, abundant storage, a pool & spa, expansive outdoor areas & a desirable foothill location, this La Canada home offers a wonderful combination of comfort, style & indoor-outdoor living.",3.0,,,,pool;garage;fireplace;laundry;balcony;patio
1170844475,"Rare Multigenerational Opportunity with Canyon Views, Privacy, and Income Potential!  Welcome to 3211 & 3211 1/2 Menlo Ave — a unique duplex property nestled on an expansive 13,400+ sqft canyon lot offering flexibility, privacy, and endless possibilities. Whether you're looking for space for extended family, multigenerational living, adult children, college students, or the opportunity to live in one unit while generating supplemental income from the other, this property offers options that are increasingly difficult to find in San Diego.  Tucked away in a peaceful canyon setting with beautiful views and no rear neighbors, this property provides a sense of privacy and seclusion while still being centrally located with convenient access throughout San Diego.  Property features include:  • Duplex with two separate living spaces • Expansive 13,400+ sqft lot • Private canyon setting with scenic views and added privacy • Dual access from Menlo Ave and rear access from 47th Street • Opportunity for owner-occupants to offset mortgage expenses with rental income • Flexible layout ideal for extended families, aging parents, adult children, or supplemental income • Value-add opportunity to personalize, renovate, or create additional possibilities over time  Located in central San Diego’s 92105 corridor, you'll enjoy convenient access to shopping, restaurants, parks, schools, major freeways, and employment centers while still enjoying the peaceful feeling that canyon properties provide.  This is more than just a duplex — it’s an opportunity to create flexibility for your future, keep family close, reduce monthly expenses, and own a property with possibilities that traditional homes simply cannot offer.  Rarely does a property combine privacy, views, lot size, location, and flexible living options quite like this.",,,,,
1155718333,"Turnkey Resort Living Investment at Omni La Costa.  Stylishly updated 2 bedroom, 1.5 bath single-level residence is one of the few Carlsbad condos that allows short-term vacation rentals with no owner-occupancy restrictions, making it ideal for investors, second-home buyers, or full-time residents who want resort-style living with income potential. The open-concept remodeled kitchen features white shaker cabinetry, white stone countertops, stainless steel appliances, and a bar-height peninsula that flows seamlessly into the living area. Custom cabinetry throughout, vaulted ceilings with recessed lighting, black granite bathroom countertops and ceiling fans. The primary bedroom opens through sliding glass doors to a private balcony with resort views.  The unit is sold completely furnished and ready for guests to move-in — the seller's established property manager is available to continue managing the unit for a seamless transition. Secured parking with elevator access, secure building entry, and resident-only pool and BBQ area. Walk to the Omni La Costa Resort's championship golf courses — host of the NCAA Division I Golf Championships through 2028 — world-class spa, tennis and pickleball courts, fine dining, and shopping. Minutes to Carlsbad and Encinitas beaches and the I-5 corridor",2.0,1.5,,,pool;balcony
1182197962,"Photos coming soon!

Welcome to this beautifully located Murrieta home on a desirable cul-de-sac with peaceful surroundings and scenic views. This 3-bedroom, 2.5-bath residence offers over 1,700 sq ft of well-designed living space combining comfort, style, and functionality.

Interior features include soaring cathedral ceilings, fresh paint, and laminate wood flooring throughout, creating a bright and open feel. The updated kitchen showcases newer cabinetry, quartz countertops, a gas cooktop, and newer appliances, ideal for everyday living and entertaining.

Upstairs offers a versatile loft, two secondary bedrooms with a Jack-and-Jill bath, and a spacious primary suite with a private walkout balcony and scenic views.

The backyard is designed for relaxation and entertaining with a fire pit, low-maintenance landscaping, and mature fruit trees.

Notable upgrades include a full home re-pipe and a solar lease for energy savings and added efficiency.

Conveniently located near schools, shopping, and the 215/15 freeways, with low property taxes and a quiet neighborhood setting, this home offers both comfort and convenience",3.0,2.5,,1700.0,balcony
1183074304,"Bright and inviting top-floor corner 2-bedroom, 1.5-bath condo in a quiet, gated 11-unit Santa Monica community. The thoughtfully updated interior features central air and heat, washer/dryer, and an updated kitchen with abundant storage, quartz countertops, a large sink, and stainless steel appliances. The spacious primary bedroom offers direct access to the balcony, which enjoys lovely neighborhood views. The spacious full bath features a large walk-in shower, complemented by a convenient guest half bath. The light-filled living room features plantation shutters and abundant natural light. One gated parking space with overhead storage is included. Well-maintained building with lush landscaping, fountain, secured entry, bike storage, community garden, and earthquake insurance. Recent building improvements include a new water heater and electrical, as well as completed balcony inspection and repairs. Ideally located near Montana Avenue, the beach, Third Street Promenade, Santa Monica Place, restaurants, shops, the Pier, and Expo Line.",2.0,1.5,,,balcony;garden
1179254191,"HELLO, FREE ENERGY! With an acceptable offer, seller is willing to pay off the existing solar loan at closing. Based on the seller’s current usage, they currently pay $0 to SDG&E for electricity. One-of-a-Kind Custom Log Cabin Estate nestled on nearly 2 private acres in scenic Pauma Valley with breathtaking panoramic views of Pauma Valley and the Palomar Mountain Range. This charming 2,128 sq. ft. home features 3 bedrooms, 2 bathrooms, an open-concept floor plan, soaring two-story ceilings, walls of windows, and an expansive 1,200 sq. ft. covered wraparound porch perfect for enjoying spectacular sunrises and mountain views. Over the past several years, approximately $225,000 has been invested in quality improvements, including a beautifully remodeled kitchen and bathrooms, updated flooring, new HVAC, tankless water heater, upgraded plumbing and septic systems, water filtration and softening systems, solar, a whole-house Generac automatic backup generator, and a premium 50-year Owens Corning roof. Approximately one acre is fully fenced and gated, offering privacy and versatility with a storage shed and engineered plans for a future barn. Extensive fire safety enhancements—including dedicated fire water storage tanks, private hydrant, perimeter deck sprinklers, fire-boxed eaves with ember-resistant screens, cement walkways, and CAL FIRE defensible space clearance—provide exceptional peace of mind. Complete with a 2-car garage, private spa, and unmatched privacy, this is a rare opportunity to own a truly special mountain retreat where rustic charm meets modern comfort.",3.0,2.0,0.0,2128.0,garage
1184054442,"FURNISHED ON CORNER LOT WITH ATTACHED GARAGE! WELL MAINTAINED MOVE IN READY--Located in Mi-Wuk Village this beautiful mountain home offers a peaceful setting AND close proximity to the main highway. With 3 bedrooms 2 bathrooms and an open living room that lets in plenty of natural light, there is room for the whole family. The attached garage is perfect for easy access into the mud/laundry room and for storing all your mountain toys. Bring your skis, swim suits and hiking boots! Dodge Ridge, Pinecrest Lake, and numerous hiking trails are just around the corner. The seller has replaced the roof, woodstove, skylights, garage door opener, and added ductless heat and air units in the last ten years providing peace of mind and comfort. Whether you are looking for a full time residence or vacation home DONT MISS THIS OPPORTUNITY!",3.0,2.0,,,garage;laundry
1188249636,"Light-filled and beautifully refreshed, this stylish condo near San Jose State University blends modern comfort with everyday convenience. Fresh interior paint, new carpet, recessed lighting, and abundant natural light create a bright and welcoming atmosphere throughout. The thoughtfully updated kitchen features sleek Bosch stainless steel appliances including a dishwasher, cooktop, microwave, and oven, complemented by durable solid-surface flooring in the kitchen and baths. Designed for both comfort and privacy, the home features dual primary suites, each with inviting outdoor access, spacious walk-in closets, and spa-inspired bathrooms. One suite showcases a Toto bidet toilet, dual shower heads, and a contemporary back-lit mirror, while the second offers a large soaking tub and separate shower enclosure. Additional highlights include tandem two-car parking in a secured garage, a dedicated storage cage (not all units have storage) and in-unit washer and dryer.  Community amenities include a pool, spa, fitness center, kitchen, and bike storage, all within close proximity to shops, restaurants, downtown San Jose, public transportation, and the airport, making this an ideal location for commuters and those seeking an active urban lifestyle. Exceptional opportunity to enjoy stylish, low-maintenance living in a prime location.",,,,,pool;garage
1175299121,"Tucked behind a charming brick-enclosed patio, this 3 bedroom home blends everyday comfort with genuine character. French doors open from the primary bedroom, bringing in light and a seamless connection to the outdoors. Out back, a lush landscaped garden is dotted with mature plum, peach, and lemon treesplus a dedicated artist's studio, perfect for a creative workspace, home office, or quiet retreat. Inside, the kitchen is a true conversation piece: original retro styling with a built-in booth and classic metal cabinetry, ready for your vision. The bathroom has been tastefully remodeled. A short drive brings you to scenic walks along the Napa River, Carquinez Strait, and North Bay, with easy I-80 access for commuting. A home full of personality and potential, waiting for its next chapter.",3.0,,,,patio;garden
1182400327,"Beautiful two-story horse property tucked away in the highly desirable and peaceful Sun Valley neighborhood of Rancho Cucamonga, offering an impressive blend of privacy, space, versatility, and resort-style living.
You’ll find a long driveway, mature landscaping, and beautiful mountain surroundings that create an estate-like arrival. Inside, you will find a grand curved staircase, elegant architectural details, crown molding, abundant natural light, and an open floor plan connecting the spacious living and family rooms. A fireplace in the living room creates a warm and inviting focal point, while the beautifully appointed kitchen features an oversized center island, extensive cabinetry, generous counter space, and an open connection to the main living areas.
The main level includes a full bedroom and bathroom, providing excellent flexibility for guests, extended stays, a private office, or additional living space, along with a separate laundry room.
Upstairs, the spacious primary suite feels like a private retreat, featuring its own fireplace, full bathroom, and direct access to a private balcony. A versatile loft opens onto an additional balcony overlooking the surrounding landscape, while the additional bedrooms offer generous space and abundant natural light.
The backyard is where this property truly stands apart. Enjoy a resort-style pool and spa with a waterslide, multiple areas for outdoor entertaining, a covered recreation space, built-in outdoor cooking area, and the convenience of a full outdoor bathroom.
Complete with a four-car garage and extended driveway offering abundant parking and storage. All of this is set in a prime foothill location with convenient access to SR-210 and connections to I-15, near Vineyard Junior High, Los Osos High School, and Chaffey College. Outdoor enthusiasts can enjoy nearby Heritage Community Park and Rancho Cucamonga's extensive foothill trail system, including North Etiwanda Preserve, while shopping, dining, entertainment, and community events are within convenient reach at Victoria Gardens. A rare opportunity to enjoy a peaceful, estate-style setting while remaining connected to some of Rancho Cucamonga's most popular amenities. Welcome to your new home!",,,,,pool;garage;fireplace;laundry;balcony
1157671299,"Two homes on one lot!! Welcome to 1333 Singingwood Ave, a spacious pool property with ADU on a 10,018 square foot lot.

The main home offers 4 bedrooms and 2 bathrooms with a layout designed for comfort and flexibility. A spacious living room with fireplace sits at the entry, while the kitchen connects to a dining area. The fourth bedroom is generously sized and offers versatility for extended living, a home office, or guest space. The primary suite is privately positioned toward the rear of the home and includes master bathroom.

Major improvements include a new roof installed approximately three years ago and solar panels, updated windows, irrigation system in front and backyard, new pool liner and security fence adding security, efficiency and long-term value.

The backyard delivers the full experience, featuring a pool, mature fruit trees, and plenty of usable space to enjoy or expand. A long driveway provides ample parking and flexibility for multiple vehicles.

A rear 1 bedroom, 1 bathroom unit with a fully remodeled kitchen and bathroom and its own separate entrance offers privacy and strong potential for additional income or multi-generational living.

A compelling opportunity to secure a property that combines space, flexibility, and income in a well-established Pomona neighborhood.",4.0,2.0,,,pool;fireplace
1190226632,"Extensively updated in 2022/23, this move-in ready home features a new roof, AC/heating system, tankless water heater with re-engineered plumbing for instant hot water at every tap, upgraded electrical panel, and whole-home water filtration. Enjoy a remodeled kitchen, updated baths, permitted second primary suite, and beautifully landscaped yards",,,,,
1183348174,"First Time on the Market in Over 35 Years.

Held by the same owners since 1990, this 4 bedroom, 2.5 bath home sits on one of West Palmdale's quiet, established streets, where homes rarely turn over. Elementary, middle, and high schools are all within a couple of miles, and you're minutes from Marie Kerr Park and the Antelope Valley Mall with an easy drive to the 14 Freeway.

From the moment you step through the front door, you'll see what makes this floor plan different: a dual-sided fireplace anchoring the entry and opening straight through to the living room on the other side. High ceilings carry natural light through 1,770 square feet, with a formal dining room for holidays and a separate family room for everyday living.

Several major updates have already been finished. A brand-new air conditioner keeps you ahead of Antelope Valley summers, while a new garage door and refreshed front landscaping give the home real presence from the street. The kitchen has been refreshed with new flooring, fresh paint, and restained cabinets, and an upstairs bath has new flooring as well. The rest of the home is original and well kept, ready for you to update at your own pace.

Out back, a generous patio and an easy-care 6,640 square foot lot leave room for a future spa, an outdoor kitchen, or quiet evenings under the Antelope Valley sky. Two-car attached garage. No HOA.",4.0,2.5,,1770.0,garage;fireplace;patio
1180721281,"A rare opportunity in beautiful Laguna Beach, this stunning 2-bedroom, 2-bath condo is NOT on leased land and has been completely remodeled by a published interior designer, with sophisticated finishes and exceptional attention to detail throughout.
Ideally located as a first-floor end unit, the floor plan offers ultimate privacy, peek- a boo- ocean views, easy accessibility, and an abundance of natural light. Upgrades include new electrical, new appliances, bespoke designer lighting, custom closets, motorized shades, and new blackout window treatments in both bedrooms. Both bathrooms have been fully remodeled with designer porcelain tile, quartz countertops, TOTO toilets, and Brizo plumbing fixtures, while the primary bath features a luxurious rain shower for a spa-like experience.
Priced to sell in a highly desirable community where properties are rarely offered below $1.5 million, this beautifully finished Laguna Beach home is an exceptional opportunity and is expected to sell quickly.",2.0,2.0,1.0,,
1150100234,"Turnkey Airbnb Oasis - $649,999 Fully FurnishedPool & Spa | Casita | Festival-Ready | Indio, CAWelcome to your fully furnished Airbnb-ready retreat in the heart of Indio, California - just 10 minutes from world-famous festivals like Coachella and Stagecoach!This upgraded 5-bedroom property includes 4 bedrooms in the main house plus a private detached Casita - perfect for guests, in-laws, or extra rental income. Located on a quiet street, this home offers both peace and prime proximity to all the action.Step outside into your private backyard oasis, complete with a sparkling pool & spa, artificial turf for easy maintenance, and a built-in barbecue area - ideal for entertaining or relaxing between festival days.Inside, you'll find modern upgrades including luxury vinyl flooring and brand-new quartz countertops. The open kitchen and spacious layout are perfect for hosting or accommodating large groups of short-term guests.Whether you're looking for a lucrative investment or a personal getaway, this fully furnished home is move-in or rental-ready.Don't miss your chance to own a prime piece of Indio just minutes from music, sunshine, and year-round demand.",5.0,,649999.0,,pool
1191022397,"Newly constructed in the heart of Pacific Palisades, The Muskingum Estate represents the first residence of its caliber to be offered for sale since the fires. Set on an expansive 18,562 SF lot, this 6,511 SF, 5-bedroom, 5.5-bathroom estate is a coastal masterpiece of architectural craftsmanship. Moments from Palisades Village, this home features an amenity-rich indoor-outdoor living close to the beach, parks and surrounding trails. A grand entry introduces a light-filled sunroom overlooking the grounds, setting the tone for interiors defined by soaring ceilings, refined paneling, engineered hardwood flooring, and an abundance of natural light. Throughout, custom millwork and an exceptionally considered palette of materials speak to the level of thought behind every detail. The striking kitchen is anchored by Calcutta marble, a substantial island, and a full suite of Wolf appliances, including an impressive 60-inch range, while a custom wet bar and walk-in pantry add both function and distinction. Upstairs, the primary suite unfolds as a private retreat, with a fireplace, vaulted ceilings, refined paneling, an expansive walk-in closet, retreat, and a spa-inspired bath with dual sinks, soaking tub, and oversized shower. A dedicated movie theater, expansive upstairs laundry room, and three-car garage further distinguish the residence. Beyond the interiors, the grounds unfold as a secluded retreat, centered around a substantial infinity pool and framed by lush landscaping. A wellness deck features sauna and cold plunge, and the amenities of the outdoors also offers the outdoor kitchen, fire pit. Generous dining and lounging spaces, and broad lawn complete the resort-like setting, designed equally for quiet mornings and grand-scale entertaining. The residence comes from the highly sought after Alison White Homes and reflects the expertly curated vision of Annette Tatum Design and Serena & Lily, whose collaborative design partnership elevates every detail throughout the home. Buyers have the option to purchase the home fully furnished.  The home features many fire safe features including a top-of-the-line whole house and exterior sprinkler Frontline Wildfire Protection System. The surrounding neighborhood was not severely affected by the Palisades Fire, with many homes on Muskingum still standing and owner occupied. 837 Muskingum offers something rarely possible in a community at such a pivotal moment: immediate ownership of a fully realized coastal masterpiece, conceived, built, and furnished to an extraordinary standard, at the forefront of Pacific Palisades' next chapter.",5.0,5.5,,,pool;garage;fireplace;laundry;walk-in closet
1168719499,"Experience elevated living in this newly remodeled home situated on a spacious lot with breathtaking panoramic views. Nestled in a peaceful setting while still conveniently close to shopping centers, markets, restaurants, and parks, this property offers the perfect blend of comfort, style, and convenience. 
This beautifully updated residence features 4 spacious bedrooms and 3 remodeled bathrooms, thoughtfully designed with both everyday living and entertaining in mind. Enjoy stunning city lights along with surrounding hill and mountain views from the private balcony, creating the perfect place to unwind morning or evening. The open and inviting layout offers ample space for large families, gatherings, and indoor-outdoor entertaining. With modern upgrades throughout, a tranquil atmosphere, and an expansive lot, this exceptional home is ready for its next residents to enjoy.",,,,,balcony
1118462111,"New price adjustment creates exceptional value in prime Osage Westchester. Beautifully updated contemporary, charming, cozy, and comfortable home in the heart of Westchester, offering wonderful curb appeal, a versatile floor plan, and smooth circular flow. This inviting 3-bedroom plus office, 2-bathroom residence features 1,695 sq ft of comfortable living space on an 80x100 lot. The home has been thoughtfully remodeled inside and out, creating a fresh, modern, and move-in-ready environment. Step inside to discover new white oak hardwood floors, new lighting, and an open kitchen complete with a walk-in pantry, breakfast bar, a brand-new Samsung 5-Burner Smart Slide-in Gas Range in Stainless Steel with Air Sous Vide and  Air Fry, and a new LG refrigerator. The living room offers an elegant touch with a fireplace featuring turquoise fire glass rocks and seamless flow to the rest of the home. The private bedroom wing offers quiet separation from the main living areas, making it ideal for families and those working from home. The primary suite includes an upgraded bathroom with a frameless glass shower door, marble countertop, and a Toto Washlet heated electronic bidet seat. Major Improvements & Energy-Saving Features: New roof. Included is a 14-panel solar system with a low fixed payment of only $106.31/month and 0% annual increase, a rare opportunity for stable, energy-efficient living. Transfer is simple and seamless, adding immediate value and peace of mind. Foam-spray insulation beneath the home. Radiant ceiling heating + mini-split AC. Upgraded windows and doors.Fresh paint inside and out. Termite fumigation was recently completed. Additional Upgrades: Oversized attached garage with new flooring, sink, and abundant storage.Orange, mango, and fig trees in the backyard. Located in a desirable, family-friendly neighborhood, just three blocks from a renowned Open Magnet Charter Elementary School, making school drop-offs simple and walkable. This home blends comfort, style, and modern upgrades, with an excellent layout for both family living and work-from-home lifestylesan exceptional opportunity in Westchester. Don't miss the opportunity to make this exquisite property your own!",3.0,2.0,106.0,1695.0,garage;fireplace;hardwood floors
1175498361,"This new two-story home exudes elegance upon entry with an inviting open plan shared between a modern kitchen, dining area and living room, while a secluded bedroom in a rear corner is steps from a full bathroom. On the second floor, a versatile bonus room provides additional entertainment and leisure space near two additional secondary bedrooms and a luxe owner’s suite that features a spa-inspired bathroom and dual walk-in closet.  Sunstone is a collection of new attached and detached homes within the FivePoint Valencia masterplan. Residents will enjoy exclusive masterplan amenities, including community recreation centers, pools, playgrounds, sports parks and so much more. Set in the Santa Clarita Valley, this community enjoys a coveted location close to retail shopping centers, major freeways and Six Flags Magic Mountain just minutes away.",,,,,pools;walk-in closet
1176616530,"FHA Approved! Welcome to this beautifully remodeled 4-bedroom, 2.5-bathroom home, perfectly situated on a quiet cul-de-sac in one of Chino's most peaceful and family-friendly neighborhoods. Every detail has been thoughtfully updated, offering a move-in-ready home with modern finishes and a functional layout designed for today's lifestyle.

The spacious floor plan features bright, open living areas, a stunning remodeled kitchen, updated bathrooms, and generously sized bedrooms. An attached 2-car garage provides convenience and additional storage, while the cul-de-sac location offers added privacy with minimal traffic. Conveniently located near parks, top-rated schools, shopping, dining, and major commuter routes, this turnkey home is an exceptional opportunity you won't want to miss.",4.0,2.5,,,garage
1190568508,"Turn-key Chino Hills home featuring freshly painted exterior and interior, shows well!! Desirable neighborhood is within walking distance of coveted Wickman Elementary School. Appealing upgrades include upgraded vinyl plank flooring on the lower level of the home as well as stairs. Upstairs has newly installed neutral carpeting. High ceilings as you enter the formal living and formal dining room, an abundance of windows allows for natural lighting to showcase this portion of the home. Enclosed third car garage has created a multi-use downstairs option, perfect for a home office, den or could be utilized as a 4th bedroom if desired. Beautifully remodeled kitchen showcases light and bright white cabinetry, quartz counters, decorative tile backsplash, new stainless appliances & contemporary pendant lighting. Cheery breakfast nook with helpful additional built-in cabinets. The kitchen opens to the family room which enjoys an inviting fireplace which has extra storage options on either side. The upper level of the home features 3 bedrooms (including the primary) and 2 full bathrooms, a full guest bathroom and on-suite bathroom to the primary bedroom. The primary bedroom is sizeable with walk in closet and the bathroom has a dual sink vanity, separate soaking tub and walk in shower. Convenient indoor laundry room. The backyard boasts 2 low maintenance Aluma-Wood covers, a large attached patio cover with dual ceiling fans and a separate covered entertaining space that is perfect for preparing and serving outside guests. The backyard is very private and set up to enjoy with family & friends, including relaxation time by the firepit. Newer vinyl fencing is on both sides of the home and the rear of the property has block wall fencing. The garage is enhanced by a custom garage door & includes a Tesla charger. There is also generous driveway parking. Close to area parks, shopping and dining options including Chino Hills State Park. This property is ready to move in and ENJOY!",3.0,2.0,,,garage;fireplace;laundry;patio
1189493860,"Welcome to your dream lakeside retreat in Clearlake This charming 2-bedroom 1 bath lake house property offers a unique blend of tranquility and modern comfort, making it the perfect sanctuary for both relaxation and entertainment. Step inside and be greeted by an inviting living room featuring a cozy fireplace, ideal for those cool evenings spent with family or friends. The open-concept kitchen provides ample space for culinary adventures, enhanced with sleek countertops and cabinetry. Designed with your comfort in mind, the home is equipped with an efficient HVAC split system ensuring year-round climate control.  Outside, immerse yourself in nature as you explore the expansive grounds that seamlessly extend into picturesque waterfront living—a true haven for outdoor enthusiasts.",2.0,1.0,,,fireplace;waterfront
1178025059,"Welcome to this charming Los Angeles residence offering a warm and comfortable living experience on a generously sized lot. The home features a spacious front yard that enhances curb appeal and provides room for outdoor enjoyment, gardening, or creative landscaping. Inside, the inviting layout includes a bright living area, a functional kitchen, and well-proportioned bedrooms designed for everyday comfort.

The deep lot offers a sizable rear area that may present possibilities for future improvements or buyer-explored expansion options for ADU, subject to verification with the city. Whether you envision additional outdoor spaces, personalized enhancements, or flexible use of the lot, this property provides a solid foundation for a variety of buyer needs.

Conveniently located near parks, schools, shopping, and major commuter routes, this home delivers a blend of accessibility and potential in a central Los Angeles neighborhood. A great opportunity for buyers seeking space, value, and room to grow",,,,,
1179296452,"Hard-to-find and beautifully remodeled, this 4-bedroom, 2-bathroom home offers 1,176 square feet of thoughtfully designed living space with high-end finishes throughout. From the moment you arrive, you'll appreciate the attention to detail, quality craftsmanship, and pride of ownership.

The interior has been completely updated with custom tile work, new flooring, fresh paint, and premium appliances, creating a modern, move-in-ready home. Major improvements provide peace of mind, including a 5-year-old roof, new HVAC system, and new water heater.

Step outside to your own private retreat. The professionally landscaped front and backyard feature automatic timed sprinklers, mature trees, and an inviting outdoor kitchen area that's perfect for hosting family and friends. Whether you're enjoying a summer barbecue or relaxing at the end of the day, you'll love the breathtaking sunsets and peaceful setting.

Located in a quiet neighborhood south of town, this home offers the perfect blend of comfort, style, and convenience. With its extensive upgrades, exceptional outdoor living, and rare four-bedroom layout, this is a property you won't want to miss.",4.0,2.0,,1176.0,
1183141855,"Nestled in the beautiful Oakland Hills, this perfectly sited residence is in the gated community with a pool of the Parkwoods on Caldecott Lane. offers an open floor plan with a gas fireplace, a private balcony, and oversized windows overlooking verdant hills, nature, and the multi-million dollar homes of the Claremont Hills. The spacious primary suite includes a walk-in closet, a spacious vanity, and sliding doors to its own patio shared with the main living area. The unit also offers in-unit laundry, ample storage, and one deeded parking space. The Parkwoods is a wonderful resort-style, pet-friendly community that includes an outdoor swimming pool, spa, sauna, well-equipped gym, large clubhouse, secured gated entrance, and nearby walking trails. Located close to major commuting and shopping options.",,,,,fireplace;laundry;balcony;patio;gym;walk-in closet;swimming pool
1188057820,"55+ Senior area in Rancho Bernardo, one of the nicest streets with a view to the west from the backyard, Tile floors in both bathrooms, laundry room adjoins extra room ! sq. ft per assessor's record!",,,,,laundry
1159202689,"Welcome to this beautifully maintained single-story home featuring 4 bedrooms and 2 bathrooms, ideally located within the sought-after community of Canyon Lake. From the moment you arrive, the home impresses with its inviting curb appeal, highlighted by mature landscaping and a welcoming front entry.
Inside, the thoughtfully designed open layout offers both comfort and functionality. The spacious main living area is enhanced by vaulted ceilings with exposed wood beams, creating a sense of volume and character. Wood flooring and recessed lighting run throughout, adding warmth and a light, airy feel. A wood-burning fireplace serves as a cozy focal point, perfect for relaxing evenings at home.
The kitchen is well-appointed with granite countertops, custom cabinetry, and plenty of workspace, making it ideal for both everyday living and entertaining. It opens seamlessly to the dining and living areas, allowing for easy flow when hosting gatherings or enjoying time with family.
The home offers three generously sized secondary bedrooms, each filled with natural light, while the primary suite provides a private retreat. Featuring French doors that lead directly to the backyard, the primary bedroom creates a seamless indoor-outdoor connection.
Step outside to a backyard designed for enjoyment. A covered patio, built-in BBQ, and ample space for entertaining or relaxing make it perfect for everything from quiet mornings to lively weekend gatherings.
Additional features include indoor laundry, a two-car garage with newly upgraded epoxy flooring, and thoughtful touches throughout that enhance both style and convenience.
Located within the gated community of Canyon Lake, residents enjoy access to a wide range of amenities including a private lake for boating, wakeboarding, and paddleboarding, as well as parks, pickleball and basketball courts, and year-round community events.
This home offers the perfect combination of comfort, charm, and lifestyle—don’t miss the opportunity to make it yours.",4.0,2.0,,,garage;fireplace;laundry;patio
1183263611,"Welcome to a rare South Escondido estate offering beautiful views across the San Pasqual Valley, with the iconic San Diego Zoo Safari Park in the distance and spectacular sunsets. Set on approximately 10 acres and tucked away at the end of a private rustic country road, this distinctive property offers a rare sense of privacy and seclusion. The peaceful, rural setting blends the tranquility of a country estate with the beauty of an established vineyard, while offering plenty of space for entertaining, hobbies, projects, and simply enjoying the peaceful surroundings.  Built in 2008, the approximately 3,800-square-foot custom home is thoughtfully positioned to embrace the surrounding views and natural beauty. Approximately 1 acre of established vines creates a picturesque backdrop, while multiple outdoor spaces invite you to relax, entertain, and enjoy the peaceful setting.  Beyond the main residence, an approximately 1,875-square-foot air-conditioned workshop/warehouse presents exceptional potential for a wide range of uses. Whether envisioned as a space for a car collector, wine enthusiast, entrepreneur, creative studio, hobbyist, or other pursuits, this versatile structure offers a rare opportunity to create a space tailored to your needs. The property also features a dedicated entertaining patio and a large partially covered viewing area designed to take full advantage of the expansive San Pasqual Valley vistas, further enhancing its possibilities for entertaining, relaxing, and enjoying the exceptional setting.  The property's private road access contributes to its tucked-away, secluded atmosphere and reinforces the sense of arriving at a destination away from the bustle of everyday life. With its rare acreage, established vines, panoramic views, versatile workshop space, and exceptional potential, this is a truly unique opportunity to experience the beauty, privacy, and rural lifestyle of South Escondido.",,,,,patio
1177250122,"Welcome to 2863 E. Alberta Street, a beautifully upgraded residence nestled in the highly sought-after Cara Pointe at Avenida community in Ontario Ranch! Built in 2019 by D.R. Horton, this exceptional home offers 3 spacious bedrooms, 2.5 bathrooms, and over 2,000 square feet of thoughtfully designed living space that perfectly blends comfort, style, and modern convenience. Step inside and discover an open-concept floor plan ideal for both everyday living and entertaining. The versatile upstairs loft is perfect as a media room, home office, playroom, or an additional living space to fit your lifestyle. The spacious primary suite features double walk-in closets, creating the perfect private retreat. Designed with both comfort and low-maintenance living in mind, this home boasts stunning System Pavers hardscape, a custom backyard fireplace, Hollywood laurels, and beautifully designed outdoor spaces perfect for year-round enjoyment. Additional upgrades include an epoxy-coated garage floor, tankless water heater, and an EV charger, making this home ready for today's modern homeowner. Enjoy energy-efficient living with solar panels that can save you hundreds on your monthly electricity bills. Located just steps from a private community park, this peaceful neighborhood offers the perfect balance of tranquility and convenience. Families will appreciate the nearby highly rated schools, while everyone will enjoy easy access to premier shopping, dining, entertainment, and major freeways. Ontario Ranch continues to be one of Southern California's fastest growing and most desirable communities.
Low-maintenance, energy-efficient, and loaded with upgrades, this exceptional home truly has it all. Don't miss the opportunity to make 2863 E. Alberta Street your next address!",,2.5,,2000.0,garage;fireplace
1177052282,"A rare opportunity to own an ultra-private 5-acre estate in the breathtaking hills of Malibu, where panoramic ocean views meet the serenity of unspoiled wilderness. Perched at the end of a long private drive behind gates, this exceptional retreat offers the ultimate in privacy, tranquility, and self-sufficiency. The residence features 3 bedrooms and 3 bathrooms + an office with a light-filled open floor plan, soaring 17-foot ceilings, and dramatic floor-to-ceiling glass walls that seamlessly blend indoor and outdoor California living. The chef's kitchen is appointed with premium Wolf and Sub-Zero appliances and flows effortlessly to the expansive outdoor entertaining spaces. Designed for year-round enjoyment, the spacious patio leads to a spectacular pool area complete with fire pits, a fully equipped outdoor kitchen, and an al fresco dining area where unforgettable evenings unfold against Malibu's mesmerizing ocean sunsets. A true sanctuary for those who value independence and resilience, the estate is equipped with its own cutting-edge infrastructure, including private water, power, high-speed internet, smart home with Fleetwood windows, and a state-of-the-art remote-controlled fire defense system capable of utilizing either the property's own water supply or fire-suppressing foam. The magical grounds further enhance the property's unique appeal, featuring a flourishing greenhouse, mature fruit trees, and a handcrafted stone temple that reflects the extraordinary energy and natural beauty for which Malibu is renowned.Just minutes from iconic Neptune's Net, Malibu's renowned surfing beaches, and convenient access via Camarillo Airport to avoid Los Angeles traffic, this is more than a home - it's a private coastal sanctuary unlike any other.",3.0,3.0,,,pool;patio
1152191195,"Lovely 55+ Community of Valle Hermosa.  This home features Two Bedrooms One Bathroom.  It has upgraded Duel-Pane windows with Duel-pane Sliding Doors in each Bedroom which lead to the Backyard. The Kitchen has a Small Dining Area and features rich colored Cabinets and Counter-tops.  Stainless Steel Range, Microwave and Dishwasher. Fridge and Wash/Dryer are staying with the Home. Tile Flooring in the Kitchen. Backyard includes a Cover Patio with some trees, flowers and some pavers.",,,,,patio
1182480400,"Welcome to Ivy at Ciena, a beautifully designed new home that blends contemporary style with everyday comfort. This thoughtfully planned residence features four bedrooms and three bathrooms, complemented by stylish finishes and a functional open-concept layout.
The spacious primary suite offers a private retreat with a generous walk-in closet and an en-suite bath featuring a dual-sink vanity. At the center of the home, the expansive kitchen boasts an oversized island, ideal for meal preparation, casual dining, and entertaining. The kitchen opens seamlessly to the dining area and bright great room, where abundant natural light and a sliding glass door create an inviting connection to the backyard perfect for effortless indoor-outdoor living.

With its modern design, versatile living spaces, and desirable location within the Ciena community, this home offers an exceptional opportunity for new construction living.

Estimated completion: December 2026.",,,,,walk-in closet
1155881668,"Located in a highly desirable Berkeley neighborhood, this beautifully upgraded condo offers modern living in a sought-after area. Featuring 2 spacious bedrooms and 2 full baths, the condo is filled with natural light. The large living room seamlessly connects to the kitchen, making it perfect for entertaining. The living room also opens to a lovely balcony, creating a seamless indoor-outdoor flow.  This condo includes a private garage, additional storage, and access to a shared laundry room in the basement. Conveniently located within walking distance to Elmwood, College Avenue, and the campus, this condo truly has it all!",,2.0,,,garage;laundry;balcony
1177117838,"THE PERFECTLY PROPORTIONED HOUSE: A SPACIOUS FRONT YARD that fits 6 cars. An OVERSIZED almost-1800 sq ft house with FOUR bedrooms and THREE bathrooms, and SPACIOUS BACKYARD that comes with a SHED. Forget about all the other tiny homes with tiny driveways - welcome home to 13176 Foothill. 

You have all of the essentials: NEWER ROOF, BRAND NEW AC, newer copper PLUMBING. Everything is in a fresh coat of PAINT with brand new FLOORS as well. 

As you enter, you have a BRAND NEW metal security gate. The front yard is fully paved and 100% usable for your trucks, tools, and storage. 

Into the house, you go through a foyer with high ceilings. The spacious living room with recessed lights will satisfy any type of family. Again - NEW FLOORS and PAINT. The granite kitchen has an ISLAND as well. 

There's 2 bedrooms that share a bathroom on one side. Down the way, there are 2 more bedrooms and 2 more bathrooms. One of the bathrooms has a new tile shower. 

Going outside is a spacious backyard and oversized shed. In the back of the house is a BONUS room with a sink, with 5 total rooms. Both sides of the house have spacious side yards for nearly endless storage throughout the property. 

The garage is newly drywalled as well. A permit application exists online to turn it into an ADU! 

This is the most versatile house, while also in Sylmar - the most convenient neighborhood in the Valley due to it being surrounded by the 118, 405, 5, and 210. To summarize: newer roof, new AC, newer plumbing, new floors, new paint, and a spacious front yard, backyard, and HOUSE. Forget about all the tiny homes at this price point. You deserve all this space!",2.0,,,1800.0,garage
1191036000,"Ultra charming condo with low HOA fees in a prime North Berkeley location. Just a short walk to UC Berkeley yet quietly situated beside a peaceful residential area. Minutes from Berkeley’s renowned Gourmet District, including Chez Panisse, The Cheese Board, and the Berkeley Rose Garden, this home offers exceptional convenience paired with classic neighborhood charm. Features include period architectural charm blended with modern updates, hardwood floors, designer colors, French doors, formal dining room, and a gas fireplace with mahogany built ins. Double pane windows, ample closets, and a tastefully large bath. The Gourmet Chef’s kitchen offers high end stainless appliances, custom white cabinetry with pull outs, breakfast bar, wet bar with water purifier, travertine flooring, and quartz counters. Level access to a sweet, shady backyard/patio. With nearly 900 square feet of living space, this condo offers flexible layout options, including space that can function as a small sleeping area or a home office. Common laundry and storage in basement.",,,,900.0,fireplace;laundry;hardwood floors;patio;garden
1179449808,"Beautifully maintained 4-bedroom, 2-bath single-level home located in the highly desirable Peterson Ranch neighborhood of West Templeton. Offering approximately 1,802± sq ft of thoughtfully designed living space, this inviting residence combines comfort, style, and the best of Central Coast living.

The open-concept floor plan features a spacious living room with vaulted ceilings, abundant natural light, plantation shutters throughout, and a cozy gas fireplace. The living area flows seamlessly into the dining space and bright kitchen, complete with ample cabinetry, generous prep space, a large pantry, breakfast bar seating, newer Bosch dishwasher, and LG microwave making it ideal for both everyday living and entertaining.

Both bathrooms have been tastefully updated with high-end fixtures and finishes. The primary bath features all new interior plumbing and exterior Kohler fixtures, creating a fresh and elevated feel.

The private primary suite offers direct backyard access, creating a peaceful retreat. Designed for indoor-outdoor living, the backyard features multiple patio areas, a screened infrared outdoor 3-person sauna, fire pit, mature shade trees, and plenty of space to relax or entertain. The side yard includes raised garden beds, a mature grapevine, and apricot, peach, and apple trees for your own garden-to-table lifestyle. There is also a shed located in the side yard to store your landscaping tools.

Additional highlights include an attached 2-car garage with finished concrete flooring, extra front parking, low-maintenance landscaping, and a new tankless high efficiency water heater.

Conveniently located near downtown Templeton, award-winning wineries, parks, and within the highly acclaimed Templeton School District, this exceptional property offers the perfect blend of comfort, charm, and location.",4.0,2.0,,,garage;fireplace;patio;garden
1168557705,"Motivated Seller!! Turn Key!! Ready to Move In and Start Living your best life!! Plenty of natural light with open concept Kitchen, Dining and Living Room. Kitchen: Updated Quartz Counter, Big Island, Smart Refrigerator and all black stainless appliances included. EV ready attached 2 car garage, oversized with room for storage or workshop. Exterior: No attached walls, feels like private home with private gated front yard and side yard for fun and entertainment. 

Upstairs: Primary Ensuite bedroom with balcony, walk in closet and bathroom. 2 large secondary bedrooms with oversized closets. Extra Bonus Walk in Closet. Convenient Laundry Upstairs.

Note Worthy: Highly Sought after Arcadia School District. All hard floors (no carpet), remodeled in 2018, Shutters, High Quality Security Screen Doors and Windows won't even notice them. Great location close to schools, parks, freeways, high end shopping and trendy restaurants.

Disclosure: County records show 1,802 sqft, the garage might have been included. Seller states approx 1,500 sqft of living area buyer to verify to their satisfaction. Low 4 unit HOA includes exterior insurance, water, trash and front yard maintenance.",,,,1802.0,garage;laundry;balcony
1174121351,"Welcome to this 3-bedroom, 2-bath home on approximately 2.26 acres in Lucerne Valley. With 1,400 square feet of living space, this property offers plenty of room to enjoy the open desert setting while still being close to local conveniences. Features include a detached garage with potential for an ADU conversion (buyer to verify), a brand-new fence, and a new iron gate scheduled for installation. The spacious lot provides endless possibilities for RV parking, recreational vehicles, animals, storage, or future improvements. Enjoy the privacy, views, and versatility this property has to offer.",3.0,2.0,,1400.0,garage
1176307415,"Perched on the 18th fairway with sweeping mountain, golf course, and sparkling pool vistas, this stunning Monarch plan home inside the gates of Trilogy La Quinta--an exclusive 55+ resort enclave--delivers the ultimate desert lifestyle. Offering 3 bedrooms, 2 baths, soaring 10-foot ceilings and approximately 1,845 square feet of refined living, the residence showcases a spacious great room with built-in media center, plantation shutters, arched passages, and captivating rear-yard views. The adjacent kitchen impresses with stainless steel appliances, breakfast nook, prep island, slab-granite bullnose counters, gas range, and built-in microwave. The primary retreat features a charming bay window, French door to the patio, and a luxe en suite with dual vanities, floor-to-ceiling tiled shower with glass enclosure, and a generous walk-in closet. Guest quarters provide comfort and privacy with an upgraded full bath. Outside, a resort-style oasis awaits--flagstone-wrapped spa spilling into a sleek rectangular pool, covered patio, fire pit, and lush mature landscaping--all framing those unforgettable panoramic views.",3.0,2.0,,1845.0,pool;patio;walk-in closet
1156249071,"Welcome to this charming manufactured home in the heart of Cabazon, CA. This remodeled vintage gem features 3 bedrooms, 2 bathrooms, and approximately 1,400 +/- square feet of comfortable living space.

The interior offers an updated kitchen with abundant cabinetry, ample counter space, and new stainless steel appliances—truly a generously sized kitchen. Flooring has been upgraded to wide plank laminate throughout. Both bathrooms have been remodeled with tub/shower combinations. Rare indoor laundry room adds everyday convenience. Home is equipped with two mini-split systems for efficient temperature control.

Outside, the spacious yard provides room to relax, play, or entertain. Features include a covered patio area, mature shade trees, and a peaceful outdoor setting. Covered parking helps protect vehicles from the elements.

Located in a quiet, rural setting with nearby elementary school, library, and community center. Just minutes from Desert Hills Premium Outlets, Morongo Casino, Arrowhead Water Facility, and with easy access to the I-10 freeway. Palm Springs is a short drive away for additional shopping, dining, and entertainment.

Schedule your private showing today.",3.0,2.0,,,laundry;patio
1152483640,"Part of the Final Collection at The Sun Rose Residences, Residence 505 offers an expansive 3BR, 3.5BA residence in the heart of West Hollywood. Designed by EYRC Architects with interiors by Martin Brudnizki, this 3,010 interior SF home features a private elevator landing, floor-to-ceiling glass and a 202 exterior SF terrace extending the living space outdoors. The expansive great room centers on a chef's kitchen with an oversized Calacatta Borghini marble island and Sub-Zero and Wolf appliances. The primary suite features a generous Poliform walk-in closet and spa-inspired marble bath. Owners enjoy personalized residential services, including a dedicated concierge and 24-hour in-residence dining, plus privileged access to The Sun Rose Hotel's dining, wellness and live music, all set along the iconic Sunset Strip.",3.0,3.5,,,walk-in closet
1176416019,"FHA & VA APPROVED | RENOVATED | DETACHED GARAGE | MOVE-IN READY  Welcome to this beautifully renovated downstairs corner condominium in a convenient Chula Vista location. Enjoy a comfortable layout, natural light, refreshing breezes, and a move-in-ready interior designed for easy living.  A detached one-car garage plus additional parking adds valuable convenience and flexibility.  Ideally located near shopping, dining, schools, parks, and major freeways, including the 805, 54, and 5, making it easy to get around San Diego.  With FHA and VA-approved financing, this home is an excellent opportunity for first-time buyers, VA buyers, downsizers, or anyone ready to make the move from renting to owning.  Comfort, convenience, and value come together at #30. Come see it for yourself!",,,,,garage
1179705294,"Tucked into a desirable Glendale neighborhood north of Glenoaks, between Kenneth and Bel Aire, this beautiful Spanish Revival offers a blend of classic character and thoughtful updates. The 3-bedroom, 2-bath home features an updated kitchen, beautifully finished bathrooms, and two private primary suites with direct access to an expansive approximately 1,000-square-foot rear deck. Designed for true indoor-outdoor living, the deck creates an incredible setting for entertaining, outdoor dining, or relaxing with your morning coffee. The property also features a garage, mature landscaping, fruit trees, and a pergola lounge that complete the private outdoor setting. A charming Glendale home with timeless Spanish architecture and the relaxed California lifestyle.",3.0,2.0,,,garage
1174210216,"Welcome to 326 Fox Ridge Drive in the highly desirable Carriage Square Estates of Thousand Oaks—a beautifully upgraded, turnkey pool home designed for modern living. Offering over 2,800 square feet with 3 bedrooms plus a versatile office/den, this residence blends space, function, and style in one of the Conejo Valley’s most sought-after neighborhoods.

The light-filled open floor plan features soaring ceilings, wide-plank reclaimed wood flooring, and seamless indoor-outdoor flow ideal for both everyday living and entertaining. At the heart of the home, the chef’s kitchen is thoughtfully appointed with granite countertops, custom cabinetry with pull-outs, a large center island, induction cooktop, double ovens, and premium appliances—perfect for hosting or casual family meals. Multiple living areas with fireplaces create warm, inviting spaces to gather and unwind.

The spacious primary suite offers a private retreat with a flexible bonus area ideal for a home office, gym, or lounge, along with a walk-in closet and a spa-inspired bath featuring a soaking tub and separate shower. Additional highlights include dual-zone HVAC, dual-pane windows, LED lighting, and fully owned solar for enhanced energy efficiency and long-term savings.

Step outside to a private backyard designed for the Southern California lifestyle, complete with a sparkling pool and spa, grassy play area, and room to entertain. Located near top-rated schools, scenic hiking and biking trails, golf courses, and premier shopping and dining—and with no HOA—this home delivers the perfect balance of luxury, comfort, and convenience in Thousand Oaks’s thriving market.",3.0,,,2800.0,pool;gym;walk-in closet
1155015262,"This unit is a one of a kind!!— a rare ground-floor live/work loft in Little Italy, just blocks from the bay, with direct street access that makes it perfect for running a business, entertaining clients, or simply stepping outside your door into one of San Diego’s most vibrant neighborhoods.  This stunning residence immediately makes an impression with dramatic 13-foot floor-to-ceiling windows spanning the entire length of the home, flooding the space with natural light. Dual electric shades offer the perfect balance of openness and privacy, featuring one-way daytime shades and full blackout shades for the evening.  Inside, commercial-grade laminate flooring flows throughout the open layout, while brilliant lighting highlights the home’s many upgrades. The beautifully remodeled kitchen features sleek high-gloss white cabinetry and modern finishes designed for both style and durability.  One of the home’s most distinctive features is the staircase — a true functional work of art — designed with steel cable railings and suspended frosted glass panels that create a stunning architectural focal point the moment you walk in. The staircase leads to an upstairs bedroom and office, making the loft both stylish and practical.  The bathroom showcases a gorgeous textured glass tile accent wall, backlit mirror, soffit lighting, and a dual-faucet vanity that adds both luxury and convenience.  A street-level patio and walls of windows welcome you at the entrance, reinforcing the seamless connection between indoor living and the vibrant neighborhood outside.  And to top it all off, this unique downtown residence includes two parking spaces and two storage units — an incredible luxury in Little Italy.  Live here, work here, or create the ultimate blend of both in one of San Diego’s most exciting communities.",,,,,patio
1191050665,"Welcome to 2228 Maple St, a charming single-level ranch-style home ideally situated in **Westside Costa Mesa**, one of the area's established residential neighborhoods known for its convenient location, neighborhood atmosphere, and easy access to the best of coastal Orange County.  This well-maintained **3-bedroom, 2-bath home has good bones and has been lovingly cared for**, offering a solid foundation for its next owner. Recent improvements include a **new roof, fresh exterior paint, and new double-pane windows throughout**, providing peace of mind while enhancing the home's comfort and efficiency. A spacious two-car garage provides convenient parking and additional storage.  Inside, the home offers an opportunity for a new owner to bring their own vision to life. While the property has been well maintained, there is **room for interior upgrades and personalization**, making this an exciting opportunity for someone who wants to create a home that reflects their own style and preferences. Whether you envision updating the kitchen, refreshing the bathrooms, modernizing the finishes, or simply adding your personal touches over time, the home's solid condition provides an excellent starting point.  Location is a standout feature. Enjoy being **within easy walking distance of Ketchum-Libolt Park**, while also being close to Costa Mesa's exceptional selection of shopping, dining, entertainment, parks, and recreation. The Westside location offers convenient access to Newport Beach, area beaches, bike routes, and the many attractions that make Costa Mesa such a sought-after coastal Orange County community.  With its **single-level ranch design, three bedrooms, two bathrooms, two-car garage, newer roof, new exterior paint, new double-pane windows, and well-cared-for condition**, 2228 Maple St offers the rare combination of a solid home, desirable location, and the opportunity to make the interior uniquely your own.",3.0,2.0,,,garage
1190090317,"Beautifully renovated 3 Bed 2 1/2 bath home ready for its new owners. This home has been thoughtfully updated to bring it a new modern touch. Updates include new flooring, new windows, quartz countertops in the kitchen, electric range, fully updated bathrooms with tile floors, and so much more! This home also boasts a huge pool in the back that is great for those insanely hot summer days. This property truly is a gem that is waiting to be discovered. Come see it before you miss out on what could be your forever home!",3.0,2.0,,,pool
1152880679,"Welcome to wide-open space and endless possibilities in Antelope Acres. This 2.13 acre fully fenced property offers the ideal setup for those seeking room to grow, build, and enjoy a rural lifestyle. The land is thoughtfully laid out with dedicated space for livestock, including areas suitable for horses, chickens, or other animals, plus a permitted workshop and three car garage...perfect for projects, storage, or hobbies.

Bring all your toys, trailers, and equipment—there’s plenty of room to spread out while still enjoying privacy and open desert views. Whether you’re looking to build, expand, or create your own ranch-style retreat, this property is **ready for its next owner.

A rare opportunity to own usable acreage with improvements already in place in a desirable Antelope Acres location. Call me for your private showing!",,,,,garage
1179209918,"17138 Gumbiner Dr is a one-story La Puente single-family home built in 1958 on a 6,000-square-foot lot. The kitchen offers ample cabinetry, generous counter space, and a gas range with room for casual dining. The main living area is open and bright, connecting to distinct dining and gathering spaces. Four bedrooms provide flexible single-level layout, served by two full bathrooms with tub and shower. Out back, a fully fenced backyard offers open outdoor room, and a two-car attached garage adds covered parking and storage. Spanning 1,216 square feet, this home offers easy single-level living with a practical, functional floor plan.. Included 100-Day Home Warranty with buyer activation",,,,1216.0,garage
1190708309,"YOU OWN THE LAND! Investor, builder, and developer opportunity in the premier Movie Colony East neighborhood of Central Palm Springs, where recent average sales exceed $1M. Situated on an oversized 9,583-square-foot lot that significantly exceeds the neighborhood's average and median lot sizes, this property presents an exceptional value-add footprint for a high-end fix-and-flip, full custom rebuild, or dual-structure compound. Located minutes from downtown Palm Springs, the Uptown Design District, dining, and shopping, the existing 1,573-square-foot structure (2 bedrooms, 2 bathrooms) is a complete teardown or major renovation project being sold strictly as-is. Beyond the primary residence shell, the expansive lot features an empty in-ground pool and spa shell ready for restoration, along with substantial excess yard space offering massive potential for a detached Accessory Dwelling Unit (ADU). Capitalize on superior lot size, prime location, and high ARV potential in one of the desert's most sought-after markets by building a modern luxury retreat. Celebrated for its rich Old Hollywood legacy and immediate proximity to Ruth Hardy Park, the Wellness Park, and local dog parks, Movie Colony East remains one of central Palm Springs' most iconic and high-demand enclaves, known for tranquil tree-lined streets, striking San Jacinto mountain backdrops, and effortless walkability to world-class dining, arts, and shopping.",2.0,2.0,1000000.0,,pool
1159498742,"PRICE IMPROVEMENT, EXCEPTIONAL OPPORTUNITY! Beautiful newer construction, just 2 years old, featuring all the modern amenities and upgrades of a brand-new home with thoughtfully enhanced touches throughout. This beautifully upgraded, move-in ready 3-story townhome is filled with natural light and enhanced by refreshing morning and evening breezes. Showcasing contemporary design and energy-efficient features, the open-concept layout highlights a stylish kitchen with sleek quartz countertops, a spacious center island, and luxury vinyl plank flooring that flows seamlessly into the bright and airy living area. Ideally located just a short distance from the resort-style pool and expansive master-planned amenity center, this homesite offers both convenience and lifestyle. The versatile first-floor bedroom features an ensuite with shower bath, making it perfect for a home office, gym, or guest space.
Upstairs, the third level includes a spacious primary suite with a custom walk-in closet and a private bath with dual sinks, as well as, a secondary ensuite bedroom also offering its own private bath with shower and dual sinks, providing comfort and privacy for all.
Additional features include solar panels with a low monthly fee and a dual split A/C system for efficient climate control. Ideally situated with easy access to major freeways and shopping and just minutes from the up-and-coming San Pedro Waterfront—a growing destination for dining, entertainment, and future development.
Located in a secure, gated community of stylish three-story townhomes less than five miles from the beach, residents enjoy resort-style amenities including dog parks, scenic walking trails and a vibrant neighborhood atmosphere. Come see to appreciate and make it your own!",,,,,pool;waterfront;gym;walk-in closet
1190316075,"This lovely Victorian was masterfully reimagined by noted local craftsman David Kent as his own personal passion project on tree-lined Parker Street. Lifted and creatively rebuilt in the late 70's to mid 80's using natural hand-crafted wood and tile, solarium windows, curved edges, vertical grain, peekaboo windows, and skylights culminating in a delightful ""back to the earth"" aesthetic. The main level offers an open living concept with a large kitchen for chefs who love to entertain and plenty of built-in seating for party guests. The main bathroom, in keeping with the retreat vibe, offers playful colored tile, plenty of natural wood accents, and an ingenious towel-warmer. Venturing up the free-floating stairs we find the aerie-like primary suite offering supreme seclusion from the hubbub of life: a balcony off French doors, and an incredibly unique retractable roof for stargazing in bed. Offering further separation and flexible use options, the level-in first floor lives as a huge 1 bedroom suite with double closets, den, dressing room, laundry room, and maker space/art room. Breeze outside to find a professionally designed mature magical garden oasis with dining patio, hangout deck, sauna with outdoor shower, citrus trees and a fragrant brugmansia. Incredibly convenient location in central Berkeley near downtown, Berkeley Bowl East, and easy commute to SF. A Quintessential Berkeley home and the chance of a lifetime! Home Energy Score of 4.",1.0,,,,laundry;balcony;patio;garden
1180211053,"Shoreline views, modern finishes, and a peaceful setting define this beautifully refreshed townhome-style condo in a desirable Pinole location. Offering 1,572 sq. ft. of comfortable living space, this home features beautiful water views, soaring ceilings, updated vinyl flooring, recently added carpet, and a welcoming layout designed for everyday living and entertaining. The remodeled kitchen showcases quartz countertops, modern cabinetry, and stainless steel appliances, creating a stylish and functional space for cooking and gathering. The living room features a fireplace and opens to a private patio, providing the perfect place to relax, entertain, or enjoy your morning coffee while taking in the peaceful surroundings and shoreline views. Upstairs, the spacious primary suite offers vaulted ceilings, a large walk-in closet, and an en-suite bath with a shower-over-tub combination. Two additional bedrooms provide flexibility for family, guests, or a home office. Central heating and air conditioning provide year-round comfort, while the convenient interior laundry and finished two-car attached garage add to the home's functionality. Enjoy the added convenience of being within walking distance of the San Pablo Bay Regional Shoreline Trail, offering scenic waterfront walks, open bay views, and peaceful shoreline surroundings just steps from home. Conveniently located just minutes from I-80, providing easy access to surrounding East Bay communities and the greater Bay Area. Pinole Middle School and Pinole High School are both less than five minutes away, while nearby elementary schools are also conveniently located within a short drive. With its shoreline views, thoughtful improvements, comfortable floor plan, and convenient access to schools, I-80, and the San Pablo Bay Regional Shoreline Trail, this home offers a wonderful blend of comfort, convenience, and everyday enjoyment.",,,,1572.0,garage;fireplace;laundry;patio;waterfront;walk-in closet
1159488962,"Spacious 3-Bedroom, 2-Bath Cul-de-sac home featuring a laundry room and an attached studio with a separate entrance. Freshly painted Interior/Exterior with New flooring throughout. Has large backyard perfect for gardening ample parking, detached 2-car garage. Located in THE FARM community residents have access to 600 acres of common areas, including a citrus grove, fishing pond, hiking trails, three pools, two spas, a tennis court, and playgrounds. FHA Financeable",3.0,2.0,,,pools;garage;laundry
1187662819,"VIEW! VIEW! VIEW! Experience breathtaking panoramic city-light views from this exceptional custom home in the prestigious Walnut School District. Privately situated and extensively remodeled throughout, this immaculate residence offers pride of ownership, luxurious upgrades, and an inviting indoor-outdoor lifestyle.

The home features walnut laminate flooring, recessed lighting, double-pane windows and doors, and multiple expansive decks overlooking the spectacular views. The step-down living room showcases soaring vaulted ceilings, while the formal dining room provides an elegant space for entertaining. The spacious family room features a beautiful stone fireplace, creating a warm and inviting atmosphere.

The remodeled kitchen is a chef’s delight, offering maple/walnut cabinetry, granite countertops, a center cook island, and a cozy breakfast nook. A convenient bedroom and bathroom are located downstairs, ideal for guests or multi-generational living.

The spacious primary suite offers large double closets, mirrored wardrobe doors, and a private balcony where you can enjoy breathtaking city-light views.  The peaceful backyard provides an open, pastoral, and tranquil setting while showcasing spectacular panoramic views. This is truly a must-see custom home!",,,,,fireplace;balcony
1179187441,"Newly completed in 2026, this exceptional contemporary residence brings together organic materials, timeless craftsmanship, and a distinctly California approach to living on a private, fully gated corner lot just moments from the heart of West Hollywood. Inspired by nature's palette, warm wood tones, graceful archways, Roman clay walls, sculptural lighting, and richly veined natural stone create interiors that feel understated, tactile, and enduring. Volume and natural light define the experience from the moment you enter, where uninterrupted sightlines extend through the home to the resort-like grounds beyond. Walls of sliding glass dissolve the boundary between indoors and out, allowing the living and dining spaces to spill effortlessly onto the surrounding terraces. Anchored by a statement fireplace and custom built-ins, the living room feels equally suited for quiet evenings or lively gatherings, while the adjacent dining room, complete with a wet bar, sets the stage for effortless entertaining. At the center of it all, the kitchen is both a showpiece and a workspace, finished with dramatic book-matched stone, custom cabinetry, a butler's pantry, an oversized island, and a stone-framed passthrough window that keeps every gathering connected to the outdoor dining terrace. A media room, executive office or guest suite, and an elegantly appointed powder room complete the main level. The floating staircase, suspended beneath a cascading chandelier, leads to four generous bedroom suites, each offering privacy and comfort. The primary suite unfolds as a true retreat, opening to a private terrace overlooking the landscaped grounds and complemented by a boutique-style dressing room and a serene stone-clad bath with dual vanities, a soaking tub, and a skylit dual shower. Thoughtful modern conveniences, including smart home automation, surround sound, remote climate control, and an upstairs laundry room, are seamlessly integrated throughout. Outside, the grounds embrace the same quiet sophistication as the interiors. Mature olive trees, layered landscaping, privacy hedging, and a manicured lawn surround a pool and spa, built-in outdoor kitchen, outdoor shower, and multiple spaces designed for long afternoons and evenings spent dining, entertaining, or simply unwinding beneath the California sky. Above the EV-ready 2-car garage, a beautifully appointed guest house mirrors the design of the main residence with a kitchenette, mini split AC, custom closet, and full bath, offering an ideal setting for guests, a private office, or creative studio. Ideally positioned between West Hollywood and Melrose Avenue, the home places some of Los Angeles' finest restaurants, boutiques, galleries, and cultural destinations just moments away. Thoughtfully conceived and beautifully executed, it is a residence where architecture, materiality, and lifestyle exist in balance.",,,,,pool;garage;fireplace;laundry
1179229489,"Welcome to 688 E. 5th Street in Azusa! This charming 2-bedroom, 2-bathroom condo offers 921 square feet of living space and a functional layout ready for your personal touch. Built in 1964, this home presents an excellent opportunity to make it your own and add your own style and updates.

The home features a private patio, perfect for relaxing or enjoying your morning coffee. Two covered parking spaces are included, with convenient direct access to the patio. Located in a desirable Azusa location close to shopping, dining, schools, and local amenities.

Bring your vision and make this charming condo your own!",2.0,2.0,,921.0,patio
1189503525,"Love at first sight begins before you even step inside. Tucked just blocks from the vibrant shops and restaurants of Mission Hills, this Mission Revival-style home greets you with sun-warmed stucco walls, graceful archways, and a wrought-iron elegance that speaks to old Spanish California — outdoor spaces that instantly feel like home, steeped in character you simply can't recreate.  Step through the door and the story shifts into something more contemporary. Rich ceilings and terracotta-inspired details set the stage, while the kitchen brings a jolt of modern luxury — a sleek prep island opening effortlessly into the living area. Picture morning coffee here, bathed in serene treetop views, or an evening gathering with friends spilling easily from countertop to couch. It's old-world soul with a designer's touch.  Down the hall, the home's three bedrooms offer restful, light-filled retreats, while the two fully remodeled bathrooms elevate daily routines into something closer to ritual — deep soaking tubs, decorative tiled showers, and finishes that feel plucked from a boutique hotel.  And beneath the Spanish tile and timeless charm sits a very modern advantage: solar, owned outright and paid in full, powering this storybook home well into its next chapter.",,,,,
1182400669,"Gorgeous, modern 2BD/2BA “New Valencia” co-op cottage, freshly remodeled and completed in mid-2025. Enter through a wrought-iron gate into a sunny patio, ideal for BBQs and outdoor gatherings, then step through the custom blue front door into a bright, open living area with abundant natural light and a fireplace/media wall. The enclosed atrium, featuring a high ceiling and skylights, offers a perfect spot for hosting a bridge game or relaxing with a book. The gourmet kitchen is a chef’s dream, with top-of-the-line appliances, quartz counters, tile and marble backsplash, trash drawer, pantry with pull-out shelving, and a window overlooking the patio. The guest bedroom includes spacious organized closets and atrium access through a glass-insert barn door. The guest bath features an illuminated mirror, large walk-in shower, and solar tube. The primary suite offers a spa-inspired en-suite bath with dual sinks, illuminated mirror, solar tube, large walk-in shower with handheld fixture, frameless enclosure, and full-size stacked LG washer/dryer. Additional upgrades include Energy Star windows and doors, multiple mini-split systems for efficient year-round comfort, recessed lighting, whole-house water filtration, ceiling fans in each room, luxury vinyl flooring, upgraded base moldings, five-panel interior doors with glass, and custom window treatments. A must-see!",2.0,2.0,,,fireplace;patio
1179269853,"Beach Key to RIVIERA 3 and first time on the market in over 60 years! This exceptional Point Dume property presents a rare opportunity to create a world-class Malibu estate on one of the neighborhood's most coveted streets. Set on approximately 1.13 acres of lush, verdant grounds, the property sits along prestigious Cliffside Drive, a location known for commanding some of Malibu's highest estate prices. The property offers ocean views from the main level, with the potential for a future second story that could capture even more expansive ocean views. An original single-level ranch-style home currently sits on the site. While the interior has been taken down to the studs, the structure retains its classic charm and is surrounded by mature landscaping that frames both the welcoming entry yard and expansive rear grounds.  Whether thoughtfully restored or reimagined as a new estate, this property represents a remarkable opportunity to secure a premier Cliffside Drive address in one of Malibu's most sought-after coastal neighborhoods. Opportunities of this scale, location, and view potential rarely come to market at this price point.",,,,,
1179309195,"Welcome to this beautiful home located in the desirable gated community of Indian Palms Country Club in Indio! This beautifully maintained home offers the perfect combination of comfort, convenience, and desert living. Enjoy a prime location near the golf course and all the amenities this sought-after community has to offer. 
The property  features a spacious and inviting floor plan with plenty of natural light,comfortable living areas, and a great layout for both everyday living and entertainment. Step outside and enjoy  your own private swimming pool-perfect for relaxing, entertaining family and friends, or enjoying the beautiful Coachella Valley Weather.
Ideally located just minutes from the World-Famous Empire Polo Club, Home of the Coachella and Stagecoach music festivals, as well as shopping, dinning , entertainment, and other popular desert destinations.
Whether you're  looking for a primary residence, a desert getaway ,or an investment opportunity, this home offers an incredible opportunity to enjoy the Indio lifestyle. Dont miss your change to own a home in one of the areas established golf communities. Schedule your private showing today!",,,,,swimming pool
1176520815,"30k Price reduction. Move-in ready and updated, this charming single-family home offers comfort, flexibility, and an excellent Hayward location near San Felipe Park and Sulphur Creek Nature Center. The home features 3 bedrooms and 2 bathrooms, plus a versatile bonus room with French doors ideal for a family room, home office, playroom, guest space. The primary suite includes a walk-in closet for added convenience. Outside, enjoy a long driveway with an open carport, a beautifully maintained garden, and mature fruit trees. The expansive backyard offers outstanding potential for an ADU, home expansion, outdoor entertaining, or creating your own private retreat. Conveniently located near parks, downtown, shopping, schools, dining, and freeways 580, 880, 92 and 238.  Motivated seller come see",3.0,2.0,,,garden;walk-in closet
1176767476,"Experience elevated coastal living in this bright and stylish end-unit 2-bedroom, 2-bath condo located in a secure, gated Eastside Long Beach community.  It is located on the second floor and offers 751 sq ft of open-concept living and dining space, finished with laminated wood flooring throughout for a clean and modern interior. The unit provides good natural ventilation with airflow coming in from the two patio areas. Even on warm days, the end-unit orientation and open patio design keep the interior feeling cool and refreshed—no A/C needed. The kitchen features granite countertops, functional cabinetry, and essential appliances—including a gas stove, dishwasher, refrigerator, microwave, and a stacked washer/dryer—all included. 

Both bathrooms include Corian vanity tops with contemporary finishes. A stacked washer and dryer is conveniently located in the patio closet, providing in-unit laundry access. The building offers a security-locked entrance and gated parking, with the gated parking entrance located on the side alley for added privacy. An additional outside parking space is available through the HOA on a one-car rotation every four months, with two months free during each rotation period.

Location is excellent—situated in the Eastside/Zaferia neighborhood near major Long Beach attractions. Enjoy close proximity to The Pike Outlets, offering restaurants, shops, a movie theater, Ferris wheel, and waterfront views. Additional dining options, cinemas, and scenic coastal spots are just minutes away, including CSULB, Retro Row, Bluff Park, Ocean Blvd, Shoreline Village, and Rainbow Harbor. For elevated city views, Signal Hill’s Hilltop Park is also nearby.

This residence provides comfort, convenience, and accessibility in a desirable Long Beach community.",2.0,2.0,,751.0,laundry;patio;waterfront
1179702999,"OPEN HOUSE THIS SUNDAY 1-4PM   SELLER MAY CONTRIBUTE UP TO $10,000 TOWARD BUYER’S CLOSING COSTS WITH AN ACCEPTABLE OFFER, SUBJECT TO LENDER APPROVAL AND APPLICABLE LOAN PROGRAM GUIDELINES.  Welcome to 1938 Pomar Way, a freshly prepared 2-bedroom, 2.5-bath townhome offering approximately 1,308 sq. ft. of comfortable two-level living in Walnut Creek’s Sunset Park community. The thoughtfully designed floor plan creates a natural separation between the main living areas and private bedroom spaces, making the home feel functional, comfortable and surprisingly spacious. Fresh interior paint, updated dual-pane windows throughout, and professional staging give the home a bright, clean presentation while leaving room for the next owner to add their own style over time.  Step outside to a private patio, ideal for morning coffee, gardening or relaxing at the end of the day. The location is exceptionally convenient, with the nearby Safeway shopping center within walking distance and easy access to John Muir Medical Center, Heather Farm Park, shopping, dining, trails, BART and major commute routes.  Sunset Park residents enjoy a community pool, clubhouse, tennis courts, greenbelt areas, guest parking and EV charging stations conveniently located across from the clubhouse. Rentals are permitted subject to current HOA rules; buyers are encouraged to verify rental requirements directly with the HOA.   A wonderful opportunity to enjoy the Walnut Creek lifestyle and make this home your own.",2.0,2.5,10000.0,1308.0,pool;patio
1190702187,"Golf course views and a convenient location near the heart of Motorcoach Country Club come together at Lot 141. This developed, pull-forward lot is positioned along the fairway with open golf course and Santa Rosa Mountain views, directly across from the practice putting green and just steps from the clubhouse, restaurant, resort pool, fitness center, and other amenities.The glass-enclosed Coach House creates a comfortable indoor living and entertaining space while maintaining a strong connection to the golf course setting. A large kitchen island with bar seating is complemented by a full-size refrigerator and freezer, oven, microwave, double sink, generous cabinetry, and built-in storage. A fireplace and TV provide a comfortable gathering area, while a private bathroom with shower and washer and dryer add everyday convenience.Outside, the pull-forward configuration places the living areas toward the fairway, providing an inviting setting for relaxing and entertaining with golf course and mountain views as the backdrop. Lot 141 combines developed indoor-outdoor living with easy access to many of MCC's most popular amenities.Motorcoach Country Club exclusively accommodates Class A motorhomes from 30' to 45'. Due to zoning, on-site properties are not considered dwellings, and overnight stays inside them are not allowed.",,,,,pool;fireplace
1178044471,"THREE HOMES! Private 3/2 Main Home + TWO new ADUs! Multiple Income Streams. Endless Possibilities. An ultra-rare East Long Beach opportunity offering exceptional flexibility for homeowners, investors, or multigenerational living. This unique property features a beautifully maintained and upgraded 3-bedroom, 2-bath main residence PLUS newly constructed and permitted 637 SF ADU AND 453 SF JADU, each offering one bedroom, one bathroom, private entrances, separate addresses, separate utility meters, A/C, and in-unit laundry. The main home has been updated throughout featuring newer kitchen with large center island, quartzite countertops, and Samsung appliances. In the main living area there is an open concept great room with expansive family room and living room with new flooring and expansive black metal sliding doors providing tons of natural light. The main home centers around the private backyard with patio spaces. Additional features include new double glazed, Low-E doors and windows, new finishes and fixtures, new ducting and HVAC, tankless water heater, and new OVE washlets. Whether you’re looking to offset your mortgage, accommodate extended family, or build long-term wealth through rental income, this property delivers endless possibilities. Premium local rental demand is fueled by its prime location near Cal State Long Beach, the VA Medical Center, El Dorado Park, shopping, dining, and major transportation corridors. Live comfortably in the main home while your investment works for you, or maximize the income potential by leasing all three living spaces. Opportunities like this are EXCEPTIONALLY RARE in East Long Beach!",3.0,2.0,,,laundry;patio
1176470570,"Prime Potential Awaits this 3-Bed, 1 Bath Townhouse! Calling all DIY enthusiasts and savvy investors! This townhouse offers an incredible opportunity to build instant equity. Featuring a functional layout and living space, this unit is a blank canvas just waiting for your personal design touches and modern updates. Enjoy the convenience of a highly desirable neighborhood, across from lots of retail shops, supermarkets, and across from Mountain Vista Plaza. Perfect for a buyer looking to customize their dream home or add a profitable project to their portfolio. Sold strictly as-is. Close to 210 and 605 Freeways  for easy commute.",3.0,1.0,,,
1185612326,"The Desert Lifestyle. At Your Doorstep. Set against the Santa Rosa Mountains in South Palm Desert's coveted Ironwood Country Club community, this spacious Garden Villa offers something increasingly hard to find: a flexible 3-bedroom, 3-bath floor plan designed for gathering together while still giving everyone their own space.With 1,853 sq. ft., the home lives generously. A convenient main-floor bedroom offers flexibility for guests, extended family or everyday living, while two private en-suite bedrooms upstairs create comfortable, separate retreats--an especially appealing layout for multigenerational living, visiting family and friends, or a second home where everyone has room to stay. An upstairs nook with mountain views provides the perfect spot for a desk or quiet workspace, without giving up a bedroom to create a home office.Light-filled living spaces capture beautiful mountain views, and the community pool is just steps away--making it easy to settle into the relaxed indoor-outdoor lifestyle Palm Desert is known for. Indoor laundry adds everyday convenience. Lovingly maintained by its longtime owners as a cherished desert retreat, the home is ready to enjoy now or offers the opportunity to update over time and create your own vision.Located within the private, gated Ironwood Country Club community in the Santa Rosa foothills, you're just minutes from El Paseo's renowned shopping and dining, The Living Desert, hiking and all that South Palm Desert has to offer. Whether you're searching for a seasonal escape, a gathering place for family and friends, an investment opportunity, or you're ready to make the desert your year-round home, this is a property that can evolve with the way you live.The HOA allows short-term rentals, subject to its rules, regulations and governing documents, adding another layer of flexibility for second-home ownership. Ironwood Country Club membership is separate, is not included with the property, and is not required for homeownership.Seller can accommodate a quick close. Property is offered as-is, with no seller repairs or cosmetic credits.Buyer and Buyer's agent to independently verify all information, including square footage, room count, HOA rules and approvals, rental requirements and restrictions, and Ironwood Country Club membership terms.",3.0,3.0,,1853.0,pool;laundry;garden
1176281765,"Proudly introducing this stunning 4-bedroom, 3-bath Rancho Palos Verdes single-family residence offering 2,726 sq. ft. of beautifully updated living space. Enter inside to a welcoming formal living room featuring modern lighting, a sleek fireplace, and luxury vinyl plank flooring that flows seamlessly throughout the home. The open-concept kitchen impresses with quartz countertops, stainless steel appliances, and a stylish tile backsplash, perfectly blending into the dining area and expansive family room — ideal for entertaining, a home office, or a cozy den. Two bedrooms are conveniently located on the lower level, including the spacious primary suite complete with a walk-in closet and an appealing en suite bathroom featuring a freestanding soaking tub and glass enclosed separate shower. Upstairs, you’ll find two additional bedrooms and a 3/4 bathroom, providing great separation of space. Enjoy outdoor living on the large PEX deck, perfect for relaxing or hosting gatherings, and take advantage of the additional storage offered by the TUFF shed. Located within the highly rated Palos Verdes School District and just moments from The Terraces Shopping Center — home to Trader Joe’s, Starlight Cinemas, and a variety of shops and restaurants — this home offers the perfect combination of comfort, style, and convenience.",4.0,3.0,,2726.0,fireplace;walk-in closet
1178532121,"Welcome to this adorable home in desirable Southwest Hesperia, offering stunning mountain views and endless potential! This charming 2-bedroom 1-bath home is the perfect opportunity for a first-time homebuyer, investor, or anyone looking to downsize. Enjoy lower utility costs with an affordable solar system and stay cozy on cool evenings beside the inviting wood-burning stove. Ideally located close to schools, shopping, and with easy access to the I-15 freeway, this home is perfect for commuters while still offering the comfort and charm of a peaceful neighborhood. Don't miss this wonderful opportunity to own an affordable home in one of Hesperia's most convenient locations!",2.0,1.0,,,
1176895817,"Welcome to this spacious upper-level 1-bedroom + loft condo in the desirable Sienna Villa community. The loft has a closet and can easily be converted to a private second bedroom. Featuring soaring vaulted ceilings and an open, airy floor plan, this home offers an abundance of natural light and flexible living space. The versatile loft is perfect for a home office, guest area, workout space, or additional lounge. Step outside to the private balcony overlooking the beautifully maintained HOA greenbelt, providing a peaceful setting to relax and unwind. Ideally situated in a quiet interior location, this home offers both privacy and tranquility. Unit has a stackable washer & Dryer, and assigned parking in the subterranean garage. Enjoy access to multiple community pools, well-maintained grounds, tennis courts, and all the amenities the community has to offer. Conveniently located near shopping, dining, parks, and major commuter routes, this is an excellent opportunity to enjoy comfortable, low-maintenance living in a highly sought-after neighborhood.",1.0,,,,pools;garage;balcony
